Event_ID,Athlete_ID,Start_No,Swim,T1,Bike,T2,Run,Outcome,Position,Total_Time
DE321770,15431,51,00:10:41,00:00:31,00:00:00,00:00:00,00:00:00,LAP,0,00:00:00
GB321350,15354,36,00:19:09,00:01:12,00:00:00,00:00:00,00:00:00,LAP,0,00:00:00
CA321777,15446,32,00:20:11,00:01:00,00:00:00,00:00:00,00:00:00,LAP,0,00:00:00
MX321085,15373,31,00:20:59,00:00:40,00:00:00,00:00:00,00:00:00,LAP,0,00:00:00
CA321777,15516,27,00:20:08,00:01:01,00:00:00,00:00:00,00:00:00,LAP,0,00:00:00
GB321350,15410,29,00:19:55,00:01:00,00:00:00,00:00:00,00:00:00,LAP,0,00:00:00
MX321085,15360,33,00:20:06,00:00:41,00:00:00,00:00:00,00:00:00,LAP,0,00:00:00
JP321144,15519,54,00:20:21,00:01:18,00:00:00,00:00:00,00:00:00,LAP,0,00:00:00
JP321144,15309,51,00:20:43,00:01:11,00:00:00,00:00:00,00:00:00,LAP,0,00:00:00
MX321085,15362,52,00:19:29,00:00:38,00:00:00,00:00:00,00:00:00,LAP,0,00:00:00
GB321350,15376,44,00:19:17,00:01:00,00:00:00,00:00:00,00:00:00,LAP,0,00:00:00
AU321965,15460,59,00:20:08,00:00:46,00:00:00,00:00:00,00:00:00,LAP,0,00:00:00
CA321782,15488,52,00:10:41,00:01:02,00:00:00,00:00:00,00:00:00,LAP,0,00:00:00
GB321350,15539,57,00:17:29,00:01:05,00:00:00,00:00:00,00:00:00,LAP,0,00:00:00
MX321085,15411,6,00:21:23,00:00:38,00:00:00,00:00:00,00:00:00,LAP,0,00:00:00
CA321777,15510,28,00:20:05,00:01:07,00:00:00,00:00:00,00:00:00,LAP,0,00:00:00
CA321777,15325,30,00:20:55,00:01:00,00:00:00,00:00:00,00:00:00,LAP,0,00:00:00
DE321770,15441,58,00:09:27,00:00:31,00:00:00,00:00:00,00:00:00,LAP,0,00:00:00
CA321777,15512,36,00:20:14,00:01:05,00:00:00,00:00:00,00:00:00,LAP,0,00:00:00
CA321782,15524,56,00:10:49,00:01:02,00:00:00,00:00:00,00:00:00,LAP,0,00:00:00
GB321350,15302,21,00:19:27,00:01:00,00:00:00,00:00:00,00:00:00,LAP,0,00:00:00
DE321770,15302,27,00:10:41,00:00:33,00:00:00,00:00:00,00:00:00,LAP,0,00:00:00
CA321777,15416,48,00:21:23,00:01:03,00:00:00,00:00:00,00:00:00,LAP,0,00:00:00
CA321782,15357,47,00:10:22,00:00:58,00:00:00,00:00:00,00:00:00,LAP,0,00:00:00
AU321965,15357,55,00:20:19,00:00:44,00:00:00,00:00:00,00:00:00,LAP,0,00:00:00
AU321965,15319,63,00:19:12,00:00:40,00:54:37,00:00:25,00:34:21,DSQ,0,00:00:00
MX321085,15372,42,00:19:07,00:00:36,01:04:19,00:00:21,00:35:47,DSQ,0,00:00:00
AU321965,15408,43,00:19:33,00:00:39,00:00:00,00:00:00,00:00:00,DSQ,0,00:00:00
MX321085,15457,41,00:20:13,00:00:46,00:00:00,00:00:00,00:00:00,DSQ,0,00:00:00
CA321777,15383,4,00:00:00,00:00:00,00:00:00,00:00:00,00:00:00,DNS,0,00:00:00
AE320983,15516,45,00:00:00,00:00:00,00:00:00,00:00:00,00:00:00,DNS,0,00:00:00
GB321350,15470,42,00:00:00,00:00:00,00:00:00,00:00:00,00:00:00,DNS,0,00:00:00
GB321350,15455,27,00:00:00,00:00:00,00:00:00,00:00:00,00:00:00,DNS,0,00:00:00
GB321350,15316,37,00:00:00,00:00:00,00:00:00,00:00:00,00:00:00,DNS,0,00:00:00
DE321770,15458,49,00:00:00,00:00:00,00:00:00,00:00:00,00:00:00,DNS,0,00:00:00
AE320983,15346,20,00:00:00,00:00:00,00:00:00,00:00:00,00:00:00,DNS,0,00:00:00
DE321770,15477,29,00:00:00,00:00:00,00:00:00,00:00:00,00:00:00,DNS,0,00:00:00
CA321777,15313,17,00:00:00,00:00:00,00:00:00,00:00:00,00:00:00,DNS,0,00:00:00
GB321350,15390,11,00:00:00,00:00:00,00:00:00,00:00:00,00:00:00,DNS,0,00:00:00
GB321350,15363,53,00:00:00,00:00:00,00:00:00,00:00:00,00:00:00,DNS,0,00:00:00
JP321144,15431,43,00:20:57,00:01:12,00:00:00,00:00:00,00:00:00,DNF,0,00:00:00
MX321085,15418,22,00:20:36,00:00:00,00:00:00,00:00:00,00:00:00,DNF,0,00:00:00
CA321782,15314,45,00:09:33,00:00:53,00:00:00,00:00:00,00:00:00,DNF,0,00:00:00
GB321350,15399,24,00:19:10,00:01:00,00:00:00,00:00:00,00:00:00,DNF,0,00:00:00
DE321770,15380,5,00:09:09,00:00:43,00:30:02,00:00:24,00:00:00,DNF,0,00:00:00
AU321965,15380,20,00:19:14,00:00:44,00:54:33,00:00:32,00:00:00,DNF,0,00:00:00
CA321782,15434,35,00:09:57,00:01:02,00:00:00,00:00:00,00:00:00,DNF,0,00:00:00
CA321782,15395,44,00:10:14,00:00:57,00:00:00,00:00:00,00:00:00,DNF,0,00:00:00
AU321965,15356,60,00:19:33,00:00:37,00:56:16,00:00:00,00:00:00,DNF,0,00:00:00
JP321144,15400,12,00:18:50,00:01:09,00:00:00,00:00:00,00:00:00,DNF,0,00:00:00
AU321965,15400,17,00:19:42,00:00:43,00:00:00,00:00:00,00:00:00,DNF,0,00:00:00
DE321770,15400,19,00:09:55,00:00:36,00:00:00,00:00:00,00:00:00,DNF,0,00:00:00
CA321782,15366,11,00:09:22,00:00:52,00:26:08,00:00:28,00:00:00,DNF,0,00:00:00
JP321144,15413,5,00:17:39,00:01:03,00:00:00,00:00:00,00:00:00,DNF,0,00:00:00
AE320983,15413,2,00:09:22,00:00:50,00:00:00,00:00:00,00:00:00,DNF,0,00:00:00
CA321782,15535,39,00:10:06,00:00:56,00:00:00,00:00:00,00:00:00,DNF,0,00:00:00
MX321085,15354,16,00:20:01,00:00:38,00:00:00,00:00:00,00:00:00,DNF,0,00:00:00
CA321777,15354,25,00:20:05,00:01:01,01:06:29,00:00:32,00:00:00,DNF,0,00:00:00
CA321782,15464,27,00:09:43,00:00:52,00:00:00,00:00:00,00:00:00,DNF,0,00:00:00
DE321770,15464,34,00:09:23,00:00:32,00:00:00,00:00:00,00:00:00,DNF,0,00:00:00
AE320983,15382,7,00:09:30,00:00:52,00:00:00,00:00:00,00:00:00,DNF,0,00:00:00
GB321350,15339,18,00:17:21,00:01:01,00:57:09,00:00:26,00:00:00,DNF,0,00:00:00
AE320983,15338,37,00:09:44,00:00:55,00:00:00,00:00:00,00:00:00,DNF,0,00:00:00
GB321350,15443,12,00:17:19,00:01:05,00:00:00,00:00:00,00:00:00,DNF,0,00:00:00
AE320983,15443,18,00:09:03,00:00:48,00:00:00,00:00:00,00:00:00,DNF,0,00:00:00
AE320983,15304,49,00:09:41,00:00:57,00:00:00,00:00:00,00:00:00,DNF,0,00:00:00
AU321965,15375,54,00:19:14,00:00:37,00:00:00,00:00:00,00:00:00,DNF,0,00:00:00
CA321782,15467,40,00:10:12,00:00:55,00:00:00,00:00:00,00:00:00,DNF,0,00:00:00
CA321777,15502,35,00:17:45,00:00:58,00:00:00,00:00:00,00:00:00,DNF,0,00:00:00
AU321965,15502,53,00:19:19,00:00:41,00:00:00,00:00:00,00:00:00,DNF,0,00:00:00
AE320983,15318,1,00:09:06,00:00:14,00:00:00,00:00:00,00:00:00,DNF,0,00:00:00
MX321085,15333,14,00:18:59,00:00:36,00:00:00,00:00:00,00:00:00,DNF,0,00:00:00
CA321782,15516,34,00:10:12,00:00:57,00:00:00,00:00:00,00:00:00,DNF,0,00:00:00
CA321777,15371,33,00:20:13,00:01:03,00:00:00,00:00:00,00:00:00,DNF,0,00:00:00
CA321782,15494,42,00:09:45,00:01:08,00:00:00,00:00:00,00:00:00,DNF,0,00:00:00
MX321085,15391,32,00:18:56,00:00:35,00:00:00,00:00:00,00:00:00,DNF,0,00:00:00
JP321144,15405,21,00:17:41,00:01:03,00:59:09,00:00:28,00:00:00,DNF,0,00:00:00
AE320983,15405,39,00:09:13,00:00:55,00:00:00,00:00:00,00:00:00,DNF,0,00:00:00
GB321350,15351,10,00:19:20,00:01:01,00:00:00,00:00:00,00:00:00,DNF,0,00:00:00
DE321770,15351,17,00:10:15,00:00:33,00:32:42,00:00:23,00:00:00,DNF,0,00:00:00
JP321144,15392,38,00:18:46,00:01:10,00:00:00,00:00:00,00:00:00,DNF,0,00:00:00
GB321350,15392,42,00:19:04,00:01:15,00:00:00,00:00:00,00:00:00,DNF,0,00:00:00
AU321965,15392,50,00:19:49,00:00:44,00:00:00,00:00:00,00:00:00,DNF,0,00:00:00
AU321965,15321,66,00:19:19,00:00:41,00:00:00,00:00:00,00:00:00,DNF,0,00:00:00
AE320983,15479,42,00:09:35,00:00:54,00:00:00,00:00:00,00:00:00,DNF,0,00:00:00
AU321965,15347,26,00:19:28,00:00:38,00:00:00,00:00:00,00:00:00,DNF,0,00:00:00
MX321085,15388,17,00:19:28,00:00:34,01:06:14,00:00:22,00:00:00,DNF,0,00:00:00
JP321144,15388,30,00:17:51,00:01:11,00:56:46,00:00:26,00:00:00,DNF,0,00:00:00
GB321350,15536,49,00:19:12,00:01:01,00:00:00,00:00:00,00:00:00,DNF,0,00:00:00
JP321144,15423,19,00:17:43,00:01:07,00:00:00,00:00:00,00:00:00,DNF,0,00:00:00
CA321782,15423,24,00:09:44,00:00:53,00:27:41,00:00:26,00:00:00,DNF,0,00:00:00
CA321782,15308,53,00:09:22,00:00:51,00:00:00,00:00:00,00:00:00,DNF,0,00:00:00
CA321777,15404,31,00:17:35,00:00:57,00:00:00,00:00:00,00:00:00,DNF,0,00:00:00
AU321965,15352,37,00:19:58,00:00:38,00:58:04,00:00:20,00:00:00,DNF,0,00:00:00
DE321770,15303,49,00:09:21,00:00:29,00:00:00,00:00:00,00:00:00,DNF,0,00:00:00
AU321965,15303,55,00:19:59,00:00:38,00:00:00,00:00:00,00:00:00,DNF,0,00:00:00
CA321782,15505,43,00:09:47,00:00:54,00:00:00,00:00:00,00:00:00,DNF,0,00:00:00
JP321144,15432,3,00:18:40,00:01:08,00:56:01,00:00:28,00:00:00,DNF,0,00:00:00
CA321777,15432,12,00:18:14,00:00:51,00:00:00,00:00:00,00:00:00,DNF,0,00:00:00
AU321965,15432,22,00:19:55,00:00:39,00:00:00,00:00:00,00:00:00,DNF,0,00:00:00
CA321782,15481,25,00:09:42,00:00:56,00:00:00,00:00:00,00:00:00,DNF,0,00:00:00
CA321782,15530,50,00:10:08,00:00:56,00:00:00,00:00:00,00:00:00,DNF,0,00:00:00
GB321350,15358,31,00:17:15,00:01:02,00:56:24,00:00:25,00:00:00,DNF,0,00:00:00
JP321144,15523,1,00:18:41,00:01:10,01:04:30,00:00:32,00:00:00,DNF,0,00:00:00
JP321144,15369,2,00:19:35,00:01:14,01:03:26,00:00:27,00:00:00,DNF,0,00:00:00
AE320983,15367,29,00:00:00,00:00:00,00:00:00,00:00:00,00:00:00,DNF,0,00:00:00
CA321782,15398,32,00:10:06,00:00:59,00:00:00,00:00:00,00:00:00,DNF,0,00:00:00
GB321350,15398,32,00:19:26,00:01:00,00:00:00,00:00:00,00:00:00,DNF,0,00:00:00
MX321085,15393,50,00:20:17,00:00:37,00:00:00,00:00:00,00:00:00,DNF,0,00:00:00
GB321350,15493,3,00:19:04,00:00:55,00:00:00,00:00:00,00:00:00,DNF,0,00:00:00
MX321085,15335,3,00:19:03,00:00:35,00:00:00,00:00:00,00:00:00,DNF,0,00:00:00
GB321350,15365,36,00:17:32,00:01:11,00:00:00,00:00:00,00:00:00,DNF,0,00:00:00
AE320983,15365,26,00:09:15,00:00:49,00:00:00,00:00:00,00:00:00,DNF,0,00:00:00
AU321965,15532,27,00:19:56,00:00:39,00:00:00,00:00:00,00:00:00,DNF,0,00:00:00
GB321350,15327,25,00:19:09,00:01:12,00:00:00,00:00:00,00:00:00,DNF,0,00:00:00
DE321770,15487,51,00:09:27,00:00:31,00:00:00,00:00:00,00:00:00,DNF,0,00:00:00
GB321350,15497,8,00:19:23,00:01:00,00:00:00,00:00:00,00:00:00,DNF,0,00:00:00
GB321350,15444,4,00:00:00,00:00:00,00:00:00,00:00:00,00:00:00,DNF,0,00:00:00
CA321782,15444,6,00:09:03,00:00:50,00:26:31,00:00:29,00:00:00,DNF,0,00:00:00
MX321085,15355,7,00:19:06,00:00:33,01:04:20,00:00:23,00:00:00,DNF,0,00:00:00
AU321965,15478,45,00:19:11,00:00:42,00:00:00,00:00:00,00:00:00,DNF,0,00:00:00
GB321350,15306,39,00:18:00,00:01:06,00:00:00,00:00:00,00:00:00,DNF,0,00:00:00
DE321770,15411,8,00:10:20,00:00:33,00:34:00,00:00:23,00:00:00,DNF,0,00:00:00
GB321350,15336,11,00:18:07,00:01:01,00:00:00,00:00:00,00:00:00,DNF,0,00:00:00
DE321770,15336,19,00:09:12,00:00:29,00:00:00,00:00:00,00:00:00,DNF,0,00:00:00
GB321350,15315,41,00:17:17,00:01:09,00:00:00,00:00:00,00:00:00,DNF,0,00:00:00
AE320983,15349,23,00:09:07,00:00:50,00:00:00,00:00:00,00:00:00,DNF,0,00:00:00
GB321350,15517,17,00:18:09,00:01:15,01:07:17,00:00:31,00:00:00,DNF,0,00:00:00
AE320983,15517,9,00:09:07,00:00:53,00:00:00,00:00:00,00:00:00,DNF,0,00:00:00
DE321770,15328,12,00:09:03,00:00:31,00:00:00,00:00:00,00:00:00,DNF,0,00:00:00
MX321085,15415,35,00:19:17,00:00:35,01:04:09,00:00:21,00:00:00,DNF,0,00:00:00
GB321350,15325,39,00:19:21,00:01:00,00:00:00,00:00:00,00:00:00,DNF,0,00:00:00
AE320983,15325,19,00:09:46,00:00:49,00:34:54,00:00:24,00:00:00,DNF,0,00:00:00
MX321085,15437,3,00:19:43,00:00:37,00:00:00,00:00:00,00:00:00,DNF,0,00:00:00
JP321144,15387,2,00:17:38,00:01:02,00:56:05,00:00:25,00:00:00,DNF,0,00:00:00
JP321144,15370,28,00:17:34,00:01:09,00:00:00,00:00:00,00:00:00,DNF,0,00:00:00
GB321350,15441,37,00:20:20,00:00:00,00:00:00,00:00:00,00:00:00,DNF,0,00:00:00
AU321965,15522,62,00:19:52,00:00:40,00:00:00,00:00:00,00:00:00,DNF,0,00:00:00
AU321965,15313,29,00:00:00,00:00:00,00:00:00,00:00:00,00:00:00,DNF,0,00:00:00
AE320983,15313,29,00:09:44,00:00:54,00:00:00,00:00:00,00:00:00,DNF,0,00:00:00
CA321782,15390,9,00:09:57,00:00:56,00:00:00,00:00:00,00:00:00,DNF,0,00:00:00
DE321770,15427,55,00:09:12,00:00:31,00:00:00,00:00:00,00:00:00,DNF,0,00:00:00
CA321777,15511,46,00:17:20,00:00:58,00:00:00,00:00:00,00:00:00,DNF,0,00:00:00
GB321350,15340,12,00:19:02,00:01:06,00:00:00,00:00:00,00:00:00,DNF,0,00:00:00
GB321350,15500,10,00:18:04,00:01:12,00:00:00,00:00:00,00:00:00,DNF,0,00:00:00
GB321350,15389,47,00:19:34,00:00:00,00:00:00,00:00:00,00:00:00,DNF,0,00:00:00
GB321350,15419,9,00:19:06,00:00:53,00:00:00,00:00:00,00:00:00,DNF,0,00:00:00
CA321782,15480,26,00:10:10,00:00:52,00:00:00,00:00:00,00:00:00,DNF,0,00:00:00
AU321965,15449,57,00:19:55,00:00:40,00:00:00,00:00:00,00:00:00,DNF,0,00:00:00
MX321085,15403,21,00:19:30,00:00:36,00:00:00,00:00:00,00:00:00,DNF,0,00:00:00
AE320983,15361,23,00:09:18,00:00:52,00:00:00,00:00:00,00:00:00,DNF,0,00:00:00
CA321777,15473,43,00:17:50,00:00:54,00:00:00,00:00:00,00:00:00,DNF,0,00:00:00
CA321782,15457,47,00:09:38,00:00:54,00:00:00,00:00:00,00:00:00,DNF,0,00:00:00
DE321770,15322,48,00:10:43,00:00:31,00:00:00,00:00:00,00:00:00,DNF,0,00:00:00
AE320983,15484,3,00:09:10,00:00:51,00:00:00,00:00:00,00:00:00,DNF,0,00:00:00
AU321965,15323,52,00:20:34,00:00:42,01:02:50,00:00:27,00:40:08,Complete,52,02:04:41
AU321965,15526,57,00:20:34,00:00:44,01:02:50,00:00:25,00:39:44,Complete,51,02:04:17
AU321965,15399,30,00:19:52,00:00:45,01:00:09,00:00:29,00:42:27,Complete,50,02:03:42
AU321965,15330,12,00:19:16,00:00:40,01:00:15,00:00:27,00:34:42,Complete,50,01:55:20
AU321965,15324,54,00:19:43,00:00:47,01:00:22,00:00:30,00:41:42,Complete,49,02:03:04
DE321770,15518,40,00:10:06,00:00:32,00:34:14,00:00:21,00:20:39,Complete,49,01:05:52
AU321965,15396,65,00:19:09,00:00:39,00:56:32,00:00:28,00:37:27,Complete,49,01:54:15
DE321770,15434,36,00:10:17,00:00:30,00:34:05,00:00:24,00:16:59,Complete,48,01:02:15
AU321965,15368,48,00:20:35,00:00:42,01:02:50,00:00:24,00:38:25,Complete,48,02:02:56
JP321144,15450,48,00:17:44,00:01:00,00:56:00,00:00:26,00:37:28,Complete,48,01:52:38
AU321965,15453,61,00:19:33,00:00:41,00:59:34,00:00:29,00:33:38,Complete,48,01:53:55
AE320983,15483,27,00:09:20,00:00:53,00:35:44,00:00:23,00:16:14,Complete,48,01:02:34
AU321965,15314,58,00:19:57,00:00:39,00:59:11,00:00:43,00:33:25,Complete,47,01:53:55
JP321144,15442,32,00:17:45,00:01:08,00:56:24,00:00:25,00:36:36,Complete,47,01:52:18
DE321770,15347,27,00:09:28,00:00:28,00:32:21,00:00:22,00:15:21,Complete,47,00:58:00
AU321965,15439,46,00:19:47,00:00:46,01:00:20,00:00:25,00:40:27,Complete,47,02:01:45
DE321770,15476,52,00:10:20,00:00:33,00:33:58,00:00:27,00:16:57,Complete,47,01:02:15
AE320983,15435,57,00:09:29,00:00:50,00:33:26,00:00:23,00:15:49,Complete,47,00:59:57
AE320983,15430,34,00:09:09,00:00:52,00:33:26,00:00:26,00:15:49,Complete,46,00:59:42
JP321144,15531,53,00:19:53,00:01:09,01:03:45,00:00:30,00:42:08,Complete,46,02:07:25
CA321782,15489,52,00:09:34,00:00:49,00:27:58,00:00:25,00:18:03,Complete,46,00:56:49
AU321965,15376,53,00:19:56,00:00:43,01:01:44,00:00:25,00:38:02,Complete,46,02:00:50
AU321965,15487,56,00:19:47,00:00:42,00:58:11,00:00:23,00:34:02,Complete,46,01:53:05
DE321770,15539,37,00:09:20,00:00:29,00:32:28,00:00:22,00:15:05,Complete,46,00:57:44
DE321770,15462,38,00:10:19,00:00:31,00:32:43,00:00:22,00:18:18,Complete,46,01:02:13
JP321144,15363,51,00:17:37,00:01:01,00:56:07,00:00:25,00:36:20,Complete,46,01:51:30
AU321965,15386,41,00:19:23,00:00:26,00:54:41,00:00:23,00:37:41,Complete,45,01:52:34
JP321144,15350,52,00:17:36,00:01:07,00:57:09,00:00:27,00:34:47,Complete,45,01:51:06
DE321770,15498,53,00:09:39,00:00:32,00:33:07,00:00:25,00:18:15,Complete,45,01:01:58
AU321965,15325,49,00:20:17,00:00:41,00:59:52,00:00:25,00:39:13,Complete,45,02:00:28
JP321144,15482,44,00:19:09,00:01:15,01:03:56,00:00:31,00:42:21,Complete,45,02:07:12
DE321770,15420,52,00:09:07,00:00:30,00:29:34,00:00:22,00:17:43,Complete,45,00:57:16
AE320983,15466,55,00:09:36,00:00:14,00:32:50,00:00:23,00:16:17,Complete,45,00:59:20
CA321782,15473,50,00:09:26,00:00:50,00:28:01,00:00:24,00:17:53,Complete,45,00:56:34
CA321782,15380,9,00:09:43,00:00:56,00:27:39,00:00:30,00:17:26,Complete,44,00:56:14
DE321770,15413,15,00:09:03,00:00:29,00:29:14,00:00:21,00:17:41,Complete,44,00:56:48
AU321965,15516,40,00:19:55,00:00:42,00:57:17,00:00:29,00:42:02,Complete,44,02:00:25
AU321965,15388,51,00:19:25,00:00:38,00:54:54,00:00:26,00:35:38,Complete,44,01:51:01
JP321144,15360,50,00:18:59,00:01:11,01:04:09,00:00:30,00:40:23,Complete,44,02:05:12
JP321144,15365,27,00:17:36,00:01:09,00:57:04,00:00:27,00:34:34,Complete,44,01:50:50
AE320983,15315,32,00:09:09,00:00:51,00:33:57,00:00:22,00:16:06,Complete,44,01:00:25
DE321770,15437,23,00:09:59,00:00:33,00:32:46,00:00:24,00:18:12,Complete,44,01:01:54
JP321144,15464,12,00:17:38,00:01:05,00:56:56,00:00:24,00:34:33,Complete,43,01:50:36
DE321770,15392,50,00:09:59,00:00:33,00:33:03,00:00:21,00:17:50,Complete,43,01:01:46
CA321782,15402,40,00:09:13,00:00:51,00:28:16,00:00:25,00:17:00,Complete,43,00:55:45
JP321144,15485,47,00:19:20,00:01:11,01:03:47,00:00:31,00:39:40,Complete,43,02:04:29
AU321965,15412,35,00:19:18,00:00:40,00:54:36,00:00:27,00:35:47,Complete,43,01:50:48
AE320983,15408,31,00:09:26,00:00:50,00:31:13,00:00:23,00:16:36,Complete,43,00:58:28
DE321770,15408,57,00:09:06,00:00:32,00:29:29,00:00:23,00:16:45,Complete,43,00:56:15
AU321965,15406,47,00:19:46,00:00:44,01:00:23,00:00:27,00:38:43,Complete,43,02:00:03
DE321770,15386,35,00:09:05,00:00:32,00:30:18,00:00:21,00:15:39,Complete,42,00:55:55
DE321770,15535,55,00:09:59,00:00:33,00:31:31,00:00:24,00:19:04,Complete,42,01:01:31
AU321965,15464,38,00:19:30,00:00:38,00:56:14,00:00:22,00:34:02,Complete,42,01:50:46
CA321782,15504,48,00:10:33,00:00:59,00:32:39,00:00:33,00:20:00,Complete,42,01:04:44
JP321144,15537,52,00:19:36,00:01:14,01:03:28,00:00:29,00:39:30,Complete,42,02:04:17
AU321965,15498,51,00:19:31,00:00:45,01:00:34,00:00:26,00:38:38,Complete,42,01:59:54
CA321782,15326,46,00:09:28,00:00:53,00:27:58,00:00:25,00:16:51,Complete,42,00:55:35
JP321144,15483,39,00:17:33,00:01:03,00:56:07,00:00:25,00:35:16,Complete,42,01:50:24
AE320983,15422,56,00:09:32,00:00:50,00:32:09,00:00:20,00:15:25,Complete,42,00:58:16
CA321777,15436,42,00:17:28,00:00:55,01:03:19,00:00:28,00:39:14,Complete,41,02:01:24
JP321144,15439,27,00:18:52,00:01:17,01:04:10,00:00:28,00:39:30,Complete,41,02:04:17
CA321782,15360,46,00:10:08,00:00:54,00:33:38,00:00:31,00:19:15,Complete,41,01:04:26
AU321965,15539,44,00:19:29,00:00:38,00:59:42,00:00:24,00:30:32,Complete,41,01:50:45
DE321770,15306,40,00:09:07,00:00:29,00:29:34,00:00:24,00:16:11,Complete,41,00:55:45
JP321144,15435,55,00:17:49,00:01:06,00:56:53,00:00:26,00:34:02,Complete,41,01:50:16
AU321965,15517,22,00:19:31,00:00:42,01:02:10,00:00:27,00:36:44,Complete,41,01:59:34
DE321770,15325,44,00:10:20,00:00:31,00:32:44,00:00:23,00:17:30,Complete,41,01:01:28
CA321782,15483,37,00:08:54,00:00:53,00:28:32,00:00:26,00:16:42,Complete,41,00:55:27
AE320983,15417,50,00:09:29,00:00:50,00:31:54,00:00:20,00:15:45,Complete,41,00:58:18
CA321782,15528,33,00:10:09,00:01:02,00:31:50,00:00:30,00:20:46,Complete,40,01:04:17
AU321965,15307,64,00:19:31,00:00:40,00:56:12,00:00:26,00:33:38,Complete,40,01:50:27
AU321965,15468,43,00:20:15,00:00:44,00:59:48,00:00:25,00:38:09,Complete,40,01:59:21
JP321144,15303,47,00:17:49,00:00:57,00:57:04,00:00:27,00:33:22,Complete,40,01:49:39
JP321144,15376,40,00:19:08,00:01:16,01:03:52,00:00:29,00:38:47,Complete,40,02:03:32
CA321782,15329,36,00:09:21,00:00:51,00:28:08,00:00:26,00:16:35,Complete,40,00:55:21
DE321770,15346,31,00:10:14,00:00:38,00:32:39,00:00:26,00:17:28,Complete,40,01:01:25
CA321777,15428,41,00:18:13,00:00:53,01:03:57,00:00:28,00:36:46,Complete,40,02:00:17
AE320983,15344,9,00:09:25,00:00:51,00:31:14,00:00:23,00:16:13,Complete,40,00:58:06
MX321085,15511,49,00:19:20,00:00:37,01:07:57,00:00:23,00:36:58,Complete,40,02:05:15
DE321770,15403,16,00:09:29,00:00:28,00:29:57,00:00:23,00:15:24,Complete,40,00:55:41
GB321350,15408,45,00:17:56,00:01:13,00:55:58,00:00:26,00:40:51,Complete,40,01:56:24
DE321770,15353,30,00:10:14,00:00:33,00:32:48,00:00:26,00:17:21,Complete,39,01:01:22
AU321965,15353,36,00:20:10,00:00:45,00:59:56,00:00:25,00:37:41,Complete,39,01:58:57
JP321144,15371,39,00:19:02,00:01:13,01:04:02,00:00:28,00:38:17,Complete,39,02:03:02
CA321782,15533,54,00:09:52,00:00:53,00:31:47,00:00:37,00:20:51,Complete,39,01:04:00
MX321085,15487,37,00:20:19,00:00:39,01:06:34,00:00:30,00:35:03,Complete,39,02:03:05
CA321782,15487,41,00:09:45,00:00:49,00:27:46,00:00:25,00:16:24,Complete,39,00:55:09
AU321965,15409,33,00:19:33,00:00:40,00:56:09,00:00:28,00:33:35,Complete,39,01:50:25
CA321777,15440,36,00:18:46,00:00:51,01:03:26,00:00:24,00:34:05,Complete,39,01:57:32
DE321770,15349,43,00:09:03,00:00:31,00:29:35,00:00:24,00:16:01,Complete,39,00:55:34
GB321350,15349,44,00:17:29,00:01:08,00:59:25,00:00:27,00:36:08,Complete,39,01:54:37
JP321144,15330,6,00:18:18,00:01:05,00:56:27,00:00:29,00:33:18,Complete,39,01:49:37
AE320983,15394,52,00:09:29,00:00:50,00:31:12,00:00:25,00:16:13,Complete,39,00:58:09
AE320983,15386,40,00:09:05,00:00:57,00:32:16,00:00:23,00:15:24,Complete,38,00:58:05
CA321782,15307,51,00:09:42,00:00:51,00:27:46,00:00:27,00:16:09,Complete,38,00:54:55
GB321350,15332,35,00:17:53,00:01:08,00:58:40,00:00:23,00:35:31,Complete,38,01:53:35
JP321144,15311,17,00:17:56,00:01:11,00:56:42,00:00:26,00:33:13,Complete,38,01:49:28
DE321770,15404,42,00:09:17,00:00:32,00:30:05,00:00:23,00:15:12,Complete,38,00:55:29
CA321777,15438,49,00:17:37,00:00:57,01:04:34,00:00:24,00:33:46,Complete,38,01:57:18
DE321770,15398,37,00:10:15,00:00:34,00:32:40,00:00:23,00:17:28,Complete,38,01:01:20
AU321965,15465,59,00:19:26,00:00:40,00:56:17,00:00:23,00:33:34,Complete,38,01:50:20
CA321782,15486,38,00:10:35,00:01:00,00:32:37,00:00:28,00:19:10,Complete,38,01:03:50
JP321144,15374,37,00:19:36,00:01:12,01:03:30,00:00:27,00:38:09,Complete,38,02:02:54
MX321085,15326,40,00:19:32,00:00:37,01:07:23,00:00:23,00:35:10,Complete,38,02:03:05
AU321965,15361,44,00:19:50,00:00:44,01:00:12,00:00:24,00:37:43,Complete,38,01:58:53
AU321965,15528,39,00:19:45,00:00:44,00:58:14,00:00:30,00:39:16,Complete,37,01:58:29
GB321350,15459,51,00:17:11,00:01:08,00:56:24,00:00:24,00:37:53,Complete,37,01:53:00
JP321144,15397,32,00:20:01,00:01:10,01:03:35,00:00:31,00:37:32,Complete,37,02:02:49
CA321782,15455,27,00:09:36,00:01:00,00:30:48,00:00:35,00:21:16,Complete,37,01:03:15
CA321777,15456,44,00:17:31,00:00:56,01:04:41,00:00:28,00:33:35,Complete,37,01:57:11
DE321770,15368,54,00:10:14,00:00:32,00:32:49,00:00:21,00:17:17,Complete,37,01:01:13
MX321085,15424,48,00:19:20,00:00:42,01:04:00,00:00:23,00:38:01,Complete,37,02:02:26
AE320983,15329,17,00:09:14,00:00:48,00:32:18,00:00:21,00:15:16,Complete,37,00:57:57
JP321144,15337,23,00:17:31,00:01:04,00:56:11,00:00:25,00:34:01,Complete,37,01:49:12
AU321965,15384,9,00:19:18,00:00:45,00:54:43,00:00:25,00:34:43,Complete,37,01:49:54
AE320983,15345,47,00:10:25,00:01:01,00:34:52,00:00:25,00:19:28,Complete,37,01:06:11
DE321770,15334,21,00:08:55,00:00:30,00:30:29,00:00:24,00:14:53,Complete,37,00:55:11
CA321782,15381,49,00:09:43,00:00:49,00:27:45,00:00:27,00:16:07,Complete,37,00:54:51
CA321782,15515,51,00:09:58,00:01:02,00:30:25,00:00:27,00:21:05,Complete,36,01:02:57
AE320983,15378,46,00:10:28,00:00:58,00:35:12,00:00:24,00:18:47,Complete,36,01:05:49
AE320983,15375,46,00:09:27,00:00:50,00:32:02,00:00:20,00:15:18,Complete,36,00:57:57
JP321144,15468,45,00:19:16,00:01:09,01:03:52,00:00:27,00:37:41,Complete,36,02:02:25
CA321777,15347,19,00:17:54,00:00:56,01:04:17,00:00:26,00:33:11,Complete,36,01:56:44
MX321085,15429,46,00:19:02,00:00:38,01:04:18,00:00:24,00:36:36,Complete,36,02:00:58
CA321782,15404,34,00:09:31,00:00:50,00:27:57,00:00:27,00:15:52,Complete,36,00:54:37
AU321965,15310,15,00:20:16,00:00:44,00:59:47,00:00:26,00:37:13,Complete,36,01:58:26
DE321770,15352,32,00:09:19,00:00:31,00:30:04,00:00:20,00:14:56,Complete,36,00:55:10
JP321144,15402,53,00:17:35,00:01:07,00:56:11,00:00:26,00:33:29,Complete,36,01:48:48
DE321770,15490,39,00:10:01,00:00:33,00:31:31,00:00:23,00:18:36,Complete,36,01:01:04
AU321965,15334,28,00:18:32,00:00:41,00:55:20,00:00:30,00:34:20,Complete,36,01:49:23
GB321350,15420,48,00:17:26,00:01:08,00:59:32,00:00:26,00:34:19,Complete,36,01:52:51
AU321965,15434,42,00:20:17,00:00:41,00:59:54,00:00:25,00:36:49,Complete,35,01:58:06
JP321144,15520,41,00:20:18,00:01:05,01:03:22,00:00:30,00:36:58,Complete,35,02:02:13
JP321144,15332,29,00:17:37,00:01:01,00:56:09,00:00:23,00:33:30,Complete,35,01:48:40
GB321350,15321,55,00:17:17,00:01:08,00:59:42,00:00:24,00:34:15,Complete,35,01:52:46
CA321777,15479,47,00:17:46,00:00:59,01:02:30,00:00:27,00:34:46,Complete,35,01:56:28
DE321770,15311,30,00:09:10,00:00:28,00:29:31,00:00:22,00:15:37,Complete,35,00:55:08
DE321770,15327,29,00:09:56,00:00:34,00:33:01,00:00:22,00:17:06,Complete,35,01:00:59
AE320983,15440,43,00:09:34,00:00:49,00:31:53,00:00:21,00:15:14,Complete,35,00:57:51
CA321782,15324,42,00:10:02,00:01:01,00:31:04,00:00:30,00:19:53,Complete,35,01:02:30
MX321085,15483,30,00:19:09,00:00:36,01:04:15,00:00:23,00:36:15,Complete,35,02:00:38
AU321965,15483,50,00:19:15,00:00:38,00:54:36,00:00:22,00:34:14,Complete,35,01:49:05
AE320983,15518,38,00:09:12,00:00:51,00:37:06,00:00:20,00:18:01,Complete,35,01:05:30
CA321782,15422,44,00:09:36,00:00:52,00:27:50,00:00:26,00:15:40,Complete,35,00:54:24
AU321965,15425,45,00:19:43,00:00:48,01:00:20,00:00:25,00:36:50,Complete,34,01:58:06
DE321770,15382,25,00:09:57,00:00:34,00:33:00,00:00:25,00:17:02,Complete,34,01:00:58
CA321777,15525,37,00:17:40,00:00:55,01:02:23,00:00:27,00:34:10,Complete,34,01:55:35
JP321144,15353,26,00:20:00,00:01:10,01:03:38,00:00:30,00:36:40,Complete,34,02:01:58
JP321144,15391,41,00:17:36,00:01:00,00:56:12,00:00:23,00:33:19,Complete,34,01:48:30
CA321782,15405,15,00:09:31,00:00:49,00:26:03,00:00:26,00:17:32,Complete,34,00:54:21
MX321085,15358,15,00:18:52,00:00:38,01:04:17,00:00:23,00:36:10,Complete,34,02:00:20
CA321782,15529,53,00:10:04,00:00:57,00:31:05,00:00:28,00:19:40,Complete,34,01:02:14
GB321350,15532,34,00:18:02,00:01:01,00:58:44,00:00:29,00:34:12,Complete,34,01:52:28
AE320983,15462,43,00:09:44,00:00:54,00:34:33,00:00:22,00:19:29,Complete,34,01:05:02
DE321770,15483,45,00:08:59,00:00:29,00:29:36,00:00:19,00:15:39,Complete,34,00:55:02
AE320983,15463,49,00:09:12,00:00:50,00:32:17,00:00:20,00:15:05,Complete,34,00:57:44
AU321965,15342,40,00:19:30,00:00:37,00:56:17,00:00:25,00:32:13,Complete,34,01:49:02
CA321777,15311,20,00:17:40,00:00:57,01:03:49,00:00:27,00:32:30,Complete,33,01:55:23
DE321770,15410,33,00:10:00,00:00:33,00:32:59,00:00:24,00:17:02,Complete,33,01:00:58
AE320983,15352,25,00:09:34,00:00:47,00:31:52,00:00:22,00:15:14,Complete,33,00:57:49
JP321144,15316,33,00:19:19,00:01:11,01:03:47,00:00:26,00:36:00,Complete,33,02:00:43
CA321782,15514,28,00:09:39,00:01:00,00:30:45,00:00:31,00:19:49,Complete,33,01:01:44
MX321085,15478,36,00:19:06,00:00:37,01:04:19,00:00:25,00:35:33,Complete,33,02:00:00
DE321770,15478,44,00:09:09,00:00:30,00:29:31,00:00:22,00:15:25,Complete,33,00:54:57
AU321965,15306,36,00:18:53,00:00:39,00:55:01,00:00:27,00:33:55,Complete,33,01:48:55
AU321965,15305,58,00:20:13,00:00:44,00:59:48,00:00:26,00:36:23,Complete,33,01:57:34
CA321782,15415,29,00:09:43,00:00:54,00:27:39,00:00:24,00:15:37,Complete,33,00:54:17
GB321350,15370,40,00:17:25,00:01:10,00:56:01,00:00:25,00:36:46,Complete,33,01:51:47
JP321144,15389,45,00:17:52,00:01:01,00:56:57,00:00:26,00:32:09,Complete,33,01:48:25
AE320983,15495,33,00:09:44,00:00:53,00:36:43,00:00:23,00:18:19,Complete,33,01:06:02
GB321350,15421,2,00:17:37,00:01:02,00:55:59,00:00:24,00:36:22,Complete,32,01:51:24
AU321965,15332,34,00:19:24,00:00:43,00:54:24,00:00:20,00:33:48,Complete,32,01:48:39
DE321770,15391,47,00:08:57,00:00:27,00:29:43,00:00:21,00:15:25,Complete,32,00:54:53
CA321777,15321,50,00:17:22,00:00:58,00:59:18,00:00:25,00:37:13,Complete,32,01:55:16
AE320983,15455,32,00:09:16,00:00:57,00:32:46,00:00:25,00:19:55,Complete,32,01:03:19
JP321144,15478,37,00:17:41,00:01:04,00:56:04,00:00:26,00:33:02,Complete,32,01:48:17
JP321144,15346,24,00:19:31,00:01:17,01:03:28,00:00:31,00:35:55,Complete,32,02:00:42
AU321965,15312,41,00:20:15,00:00:50,00:59:42,00:00:29,00:36:06,Complete,32,01:57:22
CA321782,15509,45,00:10:09,00:00:57,00:31:02,00:00:29,00:18:52,Complete,32,01:01:29
DE321770,15364,6,00:10:00,00:00:33,00:32:58,00:00:22,00:16:58,Complete,32,01:00:51
CA321782,15491,54,00:09:48,00:00:49,00:27:44,00:00:24,00:15:27,Complete,32,00:54:12
AE320983,15403,15,00:09:27,00:00:50,00:31:56,00:00:22,00:15:10,Complete,32,00:57:45
MX321085,15331,47,00:19:26,00:00:36,01:04:02,00:00:24,00:35:05,Complete,32,01:59:33
CA321782,15469,49,00:10:22,00:00:53,00:30:51,00:00:28,00:18:43,Complete,31,01:01:17
DE321770,15520,43,00:10:20,00:00:30,00:32:39,00:00:23,00:16:56,Complete,31,01:00:48
MX321085,15502,44,00:19:26,00:00:39,01:03:56,00:00:27,00:34:59,Complete,31,01:59:27
JP321144,15470,33,00:17:32,00:01:02,00:56:14,00:00:24,00:33:03,Complete,31,01:48:15
JP321144,15410,25,00:19:39,00:01:13,01:03:25,00:00:30,00:35:52,Complete,31,02:00:39
AU321965,15481,33,00:19:35,00:00:43,00:57:36,00:00:29,00:39:00,Complete,31,01:57:23
AE320983,15317,40,00:09:27,00:00:53,00:33:49,00:00:23,00:18:07,Complete,31,01:02:39
AU321965,15349,47,00:19:09,00:00:41,00:54:43,00:00:22,00:33:38,Complete,31,01:48:33
CA321777,15415,27,00:17:39,00:00:57,00:59:06,00:00:26,00:35:32,Complete,31,01:53:40
GB321350,15415,50,00:17:54,00:01:04,00:55:34,00:00:25,00:35:48,Complete,31,01:50:45
DE321770,15412,36,00:08:59,00:00:29,00:29:35,00:00:21,00:15:15,Complete,31,00:54:39
CA321782,15449,48,00:09:38,00:00:53,00:27:45,00:00:25,00:15:28,Complete,31,00:54:09
AE320983,15407,44,00:09:06,00:00:50,00:32:21,00:00:24,00:15:02,Complete,31,00:57:43
DE321770,15399,28,00:10:00,00:00:31,00:32:45,00:00:23,00:17:04,Complete,30,01:00:43
AE320983,15354,36,00:09:12,00:00:52,00:33:38,00:00:23,00:18:26,Complete,30,01:02:31
DE321770,15332,39,00:09:07,00:00:29,00:29:30,00:00:19,00:15:12,Complete,30,00:54:37
CA321782,15352,26,00:09:33,00:00:51,00:27:53,00:00:24,00:15:24,Complete,30,00:54:05
AU321965,15514,35,00:19:30,00:00:43,00:57:44,00:00:25,00:38:56,Complete,30,01:57:18
CA321777,15409,25,00:17:33,00:00:56,00:59:11,00:00:32,00:34:48,Complete,30,01:53:00
AU321965,15336,25,00:19:27,00:00:38,00:56:20,00:00:25,00:31:37,Complete,30,01:48:27
GB321350,15483,49,00:17:23,00:01:03,00:56:11,00:00:29,00:35:28,Complete,30,01:50:34
JP321144,15342,31,00:17:43,00:01:07,00:55:59,00:00:25,00:32:54,Complete,30,01:48:08
JP321144,15302,17,00:19:38,00:01:16,01:03:22,00:00:27,00:35:20,Complete,30,02:00:03
MX321085,15412,19,00:18:56,00:00:36,01:04:27,00:00:26,00:35:01,Complete,30,01:59:26
AE320983,15412,41,00:09:06,00:00:53,00:31:08,00:00:22,00:16:07,Complete,30,00:57:36
CA321782,15406,43,00:10:02,00:00:57,00:30:27,00:00:29,00:19:16,Complete,30,01:01:11
AE320983,15475,34,00:09:27,00:01:11,00:36:44,00:00:22,00:16:16,Complete,29,01:04:00
AE320983,15447,45,00:09:10,00:00:50,00:31:28,00:00:23,00:15:32,Complete,29,00:57:23
AU321965,15470,39,00:19:09,00:00:39,00:54:45,00:00:25,00:33:08,Complete,29,01:48:06
GB321350,15352,23,00:18:02,00:01:05,00:56:24,00:00:26,00:34:24,Complete,29,01:50:21
CA321782,15348,20,00:10:09,00:00:58,00:30:58,00:00:30,00:18:30,Complete,29,01:01:05
AU321965,15348,25,00:19:55,00:00:48,01:00:04,00:00:25,00:36:03,Complete,29,01:57:15
DE321770,15455,57,00:09:41,00:00:32,00:31:48,00:00:24,00:18:18,Complete,29,01:00:43
DE321770,15492,56,00:09:13,00:00:29,00:29:24,00:00:18,00:15:12,Complete,29,00:54:36
CA321777,15503,39,00:17:28,00:00:54,00:58:12,00:00:33,00:35:44,Complete,29,01:52:51
MX321085,15306,33,00:19:11,00:00:38,01:04:19,00:00:24,00:34:48,Complete,29,01:59:20
GB321350,15518,35,00:19:16,00:01:01,01:05:01,00:00:27,00:46:18,Complete,29,02:12:03
JP321144,15518,36,00:18:49,00:01:15,01:00:43,00:00:22,00:38:46,Complete,29,01:59:55
CA321782,15344,30,00:09:40,00:00:51,00:27:47,00:00:26,00:15:17,Complete,29,00:54:01
JP321144,15334,22,00:17:25,00:01:06,00:56:18,00:00:27,00:32:45,Complete,29,01:48:01
AE320983,15470,53,00:09:20,00:00:51,00:31:15,00:00:23,00:15:49,Complete,28,00:57:38
AU321965,15405,23,00:19:34,00:00:39,00:56:10,00:00:22,00:31:22,Complete,28,01:48:07
JP321144,15472,34,00:18:57,00:01:09,01:00:42,00:00:28,00:38:07,Complete,28,01:59:23
JP321144,15352,20,00:18:13,00:01:03,00:56:31,00:00:24,00:31:47,Complete,28,01:47:58
AU321965,15455,34,00:19:41,00:00:45,00:57:29,00:00:32,00:38:13,Complete,28,01:56:40
DE321770,15316,42,00:10:03,00:00:33,00:32:57,00:00:23,00:16:45,Complete,28,01:00:41
AE320983,15486,41,00:09:45,00:00:56,00:32:59,00:00:23,00:17:58,Complete,28,01:02:01
GB321350,15414,56,00:18:01,00:01:02,00:55:31,00:00:29,00:35:17,Complete,28,01:50:20
GB321350,15498,46,00:19:01,00:01:23,01:04:32,00:00:34,00:42:32,Complete,28,02:08:02
CA321782,15330,7,00:09:27,00:00:51,00:28:01,00:00:30,00:15:07,Complete,28,00:53:56
CA321777,15422,38,00:17:46,00:00:56,00:59:01,00:00:29,00:33:28,Complete,28,01:51:40
MX321085,15343,45,00:19:13,00:00:38,01:04:11,00:00:25,00:34:47,Complete,28,01:59:14
DE321770,15500,18,00:09:18,00:00:30,00:29:17,00:00:24,00:15:07,Complete,28,00:54:36
CA321782,15302,23,00:10:30,00:01:02,00:31:28,00:00:28,00:17:14,Complete,28,01:00:42
MX321085,15454,51,00:19:32,00:00:38,01:03:51,00:00:25,00:34:37,Complete,27,01:59:03
AE320983,15442,24,00:09:17,00:00:53,00:31:26,00:00:19,00:15:29,Complete,27,00:57:24
AE320983,15399,11,00:09:22,00:00:53,00:32:14,00:00:22,00:19:03,Complete,27,01:01:54
AU321965,15448,32,00:19:29,00:00:42,00:57:43,00:00:24,00:38:17,Complete,27,01:56:35
GB321350,15353,31,00:19:22,00:01:01,01:05:47,00:00:28,00:38:14,Complete,27,02:04:52
AU321965,15379,49,00:19:07,00:00:39,00:54:43,00:00:23,00:33:09,Complete,27,01:48:01
DE321770,15301,12,00:09:54,00:00:32,00:33:06,00:00:21,00:16:47,Complete,27,01:00:40
CA321782,15321,55,00:09:08,00:00:53,00:26:24,00:00:26,00:17:02,Complete,27,00:53:53
JP321144,15490,48,00:19:18,00:01:06,01:00:21,00:00:32,00:37:28,Complete,27,01:58:45
DE321770,15329,48,00:09:06,00:00:37,00:29:26,00:00:20,00:15:04,Complete,27,00:54:33
JP321144,15306,34,00:17:41,00:01:04,00:56:06,00:00:27,00:32:41,Complete,27,01:47:59
CA321782,15437,21,00:10:00,00:00:53,00:30:31,00:00:29,00:18:39,Complete,27,01:00:32
CA321777,15342,28,00:17:35,00:00:57,00:59:08,00:00:27,00:33:21,Complete,27,01:51:28
GB321350,15342,38,00:17:32,00:01:07,00:56:05,00:00:26,00:34:53,Complete,27,01:50:03
MX321085,15528,32,00:20:01,00:00:40,01:12:30,00:00:21,00:40:01,Complete,26,02:13:33
DE321770,15354,41,00:09:50,00:00:32,00:31:39,00:00:22,00:18:12,Complete,26,01:00:35
AE320983,15448,24,00:09:15,00:00:52,00:32:20,00:00:23,00:18:44,Complete,26,01:01:34
AU321965,15301,20,00:19:46,00:00:43,01:00:15,00:00:24,00:35:17,Complete,26,01:56:25
AU321965,15391,52,00:18:57,00:00:38,00:54:59,00:00:23,00:33:01,Complete,26,01:47:58
GB321350,15468,38,00:19:14,00:01:00,01:05:03,00:00:29,00:38:46,Complete,26,02:04:32
CA321777,15455,24,00:19:13,00:01:04,01:07:17,00:00:37,00:43:14,Complete,26,02:11:25
CA321782,15327,24,00:10:02,00:00:56,00:30:11,00:00:27,00:18:52,Complete,26,01:00:28
JP321144,15433,19,00:19:05,00:01:09,01:00:32,00:00:36,00:37:22,Complete,26,01:58:44
MX321085,15409,11,00:19:16,00:00:35,01:04:09,00:00:23,00:34:31,Complete,26,01:58:54
JP321144,15409,18,00:17:36,00:01:05,00:56:03,00:00:25,00:32:43,Complete,26,01:47:52
CA321777,15306,26,00:17:25,00:00:56,00:59:20,00:00:32,00:33:13,Complete,26,01:51:26
GB321350,15451,52,00:17:13,00:01:02,00:56:18,00:00:28,00:34:28,Complete,26,01:49:29
DE321770,15337,26,00:08:59,00:00:30,00:29:36,00:00:21,00:15:05,Complete,26,00:54:31
AE320983,15334,16,00:09:03,00:00:51,00:31:14,00:00:28,00:15:40,Complete,26,00:57:16
CA321782,15408,38,00:09:06,00:00:53,00:26:25,00:00:28,00:16:59,Complete,26,00:53:51
JP321144,15425,35,00:18:57,00:01:16,01:00:37,00:00:27,00:37:19,Complete,25,01:58:36
GB321350,15442,46,00:17:56,00:01:05,00:55:39,00:00:29,00:34:08,Complete,25,01:49:17
DE321770,15521,45,00:10:00,00:00:38,00:32:58,00:00:23,00:16:33,Complete,25,01:00:32
MX321085,15371,29,00:20:02,00:00:37,01:09:50,00:00:25,00:42:08,Complete,25,02:13:02
AE320983,15439,44,00:09:15,00:00:54,00:32:25,00:00:24,00:18:31,Complete,25,01:01:29
CA321782,15377,41,00:10:21,00:00:54,00:30:50,00:00:26,00:17:55,Complete,25,01:00:26
JP321144,15355,16,00:17:51,00:01:01,00:55:54,00:00:26,00:32:37,Complete,25,01:47:49
AU321965,15329,31,00:19:32,00:00:40,00:56:13,00:00:23,00:30:41,Complete,25,01:47:29
CA321782,15336,21,00:09:40,00:00:48,00:27:51,00:00:26,00:15:02,Complete,25,00:53:47
CA321777,15517,11,00:19:08,00:01:00,01:07:29,00:00:32,00:41:25,Complete,25,02:09:34
MX321085,15328,9,00:18:58,00:00:39,01:04:22,00:00:24,00:34:28,Complete,25,01:58:51
GB321350,15462,50,00:19:23,00:01:00,01:04:31,00:00:26,00:38:55,Complete,25,02:04:15
DE321770,15370,41,00:09:16,00:00:30,00:29:20,00:00:21,00:15:03,Complete,25,00:54:30
AU321965,15359,11,00:19:41,00:00:42,00:57:31,00:00:24,00:37:58,Complete,25,01:56:16
AE320983,15342,51,00:09:24,00:00:48,00:31:16,00:00:23,00:15:23,Complete,25,00:57:14
CA321777,15412,24,00:17:22,00:00:58,00:59:20,00:00:30,00:33:12,Complete,25,01:51:22
CA321777,15366,15,00:17:40,00:00:59,00:58:59,00:00:28,00:33:10,Complete,24,01:51:16
JP321144,15366,24,00:17:35,00:01:08,00:56:05,00:00:29,00:32:28,Complete,24,01:47:45
CA321777,15448,23,00:19:05,00:01:00,01:04:09,00:00:28,00:44:20,Complete,24,02:09:02
AE320983,15353,31,00:09:46,00:00:54,00:33:01,00:00:26,00:17:15,Complete,24,01:01:22
CA321782,15301,14,00:10:06,00:00:55,00:31:04,00:00:26,00:17:37,Complete,24,01:00:08
GB321350,15311,20,00:17:54,00:01:08,00:57:40,00:00:29,00:32:01,Complete,24,01:49:12
AE320983,15388,54,00:09:31,00:00:49,00:31:04,00:00:23,00:15:27,Complete,24,00:57:14
GB321350,15523,2,00:19:01,00:01:10,01:02:17,00:00:29,00:40:37,Complete,24,02:03:34
AU321965,15369,5,00:19:44,00:00:43,01:00:21,00:00:25,00:34:49,Complete,24,01:56:02
DE321770,15367,25,00:08:58,00:00:29,00:29:38,00:00:22,00:15:02,Complete,24,00:54:29
DE321770,15497,14,00:10:16,00:00:33,00:32:41,00:00:37,00:16:20,Complete,24,01:00:27
MX321085,15444,8,00:19:05,00:00:35,01:04:20,00:00:24,00:34:02,Complete,24,01:58:26
MX321085,15374,28,00:20:35,00:00:54,01:11:44,00:00:24,00:38:38,Complete,24,02:12:15
AU321965,15315,48,00:18:50,00:00:38,00:55:06,00:00:26,00:32:24,Complete,24,01:47:24
JP321144,15513,10,00:18:53,00:01:13,01:00:39,00:00:30,00:37:18,Complete,24,01:58:33
CA321782,15412,28,00:08:56,00:00:51,00:26:39,00:00:27,00:16:32,Complete,24,00:53:25
AU321965,15366,19,00:18:56,00:00:40,00:54:57,00:00:26,00:32:18,Complete,23,01:47:17
CA321782,15382,22,00:10:09,00:00:52,00:30:21,00:00:29,00:18:04,Complete,23,00:59:55
GB321350,15506,51,00:19:12,00:01:00,01:02:17,00:00:29,00:39:34,Complete,23,02:02:32
DE321770,15423,31,00:09:10,00:00:30,00:29:27,00:00:21,00:14:54,Complete,23,00:54:22
MX321085,15507,23,00:20:34,00:00:40,01:10:58,00:00:27,00:39:24,Complete,23,02:12:03
JP321144,15398,42,00:19:12,00:01:11,01:00:24,00:00:28,00:37:10,Complete,23,01:58:25
DE321770,15514,32,00:09:32,00:00:33,00:31:54,00:00:25,00:17:56,Complete,23,01:00:20
CA321777,15374,31,00:20:12,00:01:02,01:06:21,00:00:29,00:40:33,Complete,23,02:08:37
JP321144,15349,44,00:17:30,00:01:07,00:56:10,00:00:23,00:32:32,Complete,23,01:47:42
CA321782,15451,39,00:08:57,00:00:47,00:26:40,00:00:26,00:16:15,Complete,23,00:53:05
AE320983,15527,48,00:09:30,00:00:52,00:32:08,00:00:21,00:18:22,Complete,23,01:01:13
CA321777,15499,40,00:17:12,00:00:58,00:59:26,00:00:26,00:32:56,Complete,23,01:50:58
AE320983,15337,28,00:09:20,00:00:50,00:31:16,00:00:22,00:15:21,Complete,23,00:57:09
AU321965,15364,14,00:19:37,00:00:44,00:57:35,00:00:28,00:37:18,Complete,23,01:55:42
GB321350,15412,43,00:17:33,00:01:04,00:55:57,00:00:26,00:34:09,Complete,23,01:49:09
MX321085,15408,39,00:19:33,00:00:35,01:03:51,00:00:21,00:34:06,Complete,23,01:58:26
MX321085,15434,27,00:20:37,00:00:38,01:11:59,00:00:23,00:37:02,Complete,22,02:10:39
AU321965,15354,38,00:19:32,00:00:57,00:57:28,00:00:26,00:37:14,Complete,22,01:55:37
JP321144,15496,16,00:19:13,00:01:08,01:00:26,00:00:30,00:37:01,Complete,22,01:58:18
CA321782,15521,37,00:10:11,00:00:56,00:30:59,00:00:26,00:17:18,Complete,22,00:59:50
CA321782,15379,56,00:09:09,00:00:53,00:26:21,00:00:25,00:16:13,Complete,22,00:53:01
JP321144,15508,54,00:17:28,00:00:58,00:56:23,00:00:23,00:32:23,Complete,22,01:47:35
AE320983,15404,11,00:09:20,00:00:51,00:31:17,00:00:25,00:15:10,Complete,22,00:57:03
DE321770,15320,2,00:09:53,00:00:31,00:33:06,00:00:24,00:16:15,Complete,22,01:00:09
AE320983,15348,22,00:09:33,00:00:56,00:33:13,00:00:22,00:17:02,Complete,22,01:01:06
CA321777,15486,29,00:20:46,00:01:02,01:05:41,00:00:29,00:39:54,Complete,22,02:07:52
AU321965,15328,18,00:18:46,00:00:38,00:55:07,00:00:23,00:32:20,Complete,22,01:47:14
MX321085,15337,16,00:18:55,00:00:36,01:04:30,00:00:21,00:34:00,Complete,22,01:58:22
GB321350,15361,45,00:18:58,00:01:14,01:02:15,00:00:26,00:38:48,Complete,22,02:01:41
CA321777,15408,33,00:17:43,00:00:55,00:59:02,00:00:31,00:32:45,Complete,22,01:50:56
DE321770,15300,54,00:09:28,00:00:28,00:29:10,00:00:22,00:14:52,Complete,22,00:54:20
CA321777,15452,21,00:17:58,00:01:03,00:55:36,00:00:26,00:34:02,Complete,22,01:49:05
CA321777,15399,22,00:20:07,00:01:01,01:06:24,00:00:31,00:39:42,Complete,21,02:07:45
GB321350,15474,9,00:17:23,00:01:03,00:56:06,00:00:23,00:34:01,Complete,21,01:48:56
AE320983,15332,37,00:09:16,00:00:48,00:31:21,00:00:20,00:15:16,Complete,21,00:57:01
AE320983,15410,42,00:09:37,00:00:54,00:33:10,00:00:23,00:17:01,Complete,21,01:01:05
DE321770,15432,10,00:09:25,00:00:28,00:29:13,00:00:29,00:14:39,Complete,21,00:54:14
AU321965,15367,21,00:18:37,00:00:40,00:55:16,00:00:24,00:32:15,Complete,21,01:47:12
GB321350,15507,41,00:18:58,00:01:23,01:02:09,00:00:35,00:37:49,Complete,21,02:00:54
CA321777,15532,21,00:17:47,00:00:57,00:58:59,00:00:26,00:32:42,Complete,21,01:50:51
CA321782,15510,55,00:09:41,00:00:56,00:30:47,00:00:27,00:17:50,Complete,21,00:59:41
DE321770,15517,24,00:09:26,00:00:32,00:33:21,00:00:26,00:16:20,Complete,21,01:00:05
JP321144,15437,11,00:19:01,00:01:11,01:00:33,00:00:25,00:36:58,Complete,21,01:58:08
JP321144,15384,26,00:17:39,00:01:06,00:56:04,00:00:31,00:32:10,Complete,21,01:47:30
MX321085,15302,10,00:21:25,00:00:38,01:11:09,00:00:23,00:37:03,Complete,21,02:10:38
AU321965,15302,26,00:20:13,00:00:43,00:59:51,00:00:23,00:34:21,Complete,21,01:55:31
MX321085,15407,20,00:18:54,00:00:35,01:05:56,00:00:23,00:32:15,Complete,21,01:58:03
CA321782,15452,22,00:09:20,00:00:50,00:26:13,00:00:27,00:16:06,Complete,21,00:52:56
GB321350,15528,48,00:19:07,00:00:52,01:00:47,00:00:30,00:39:29,Complete,20,02:00:45
JP321144,15516,49,00:18:55,00:01:10,00:59:28,00:00:28,00:37:39,Complete,20,01:57:40
GB321350,15423,28,00:17:28,00:01:06,00:56:02,00:00:26,00:33:49,Complete,20,01:48:51
DE321770,15385,3,00:09:05,00:00:31,00:29:30,00:00:20,00:14:47,Complete,20,00:54:13
CA321782,15365,33,00:09:19,00:00:51,00:26:14,00:00:27,00:16:02,Complete,20,00:52:53
CA321782,15497,15,00:10:05,00:00:57,00:30:23,00:00:29,00:17:23,Complete,20,00:59:17
AE320983,15497,15,00:09:46,00:00:53,00:33:04,00:00:25,00:16:51,Complete,20,01:00:59
AU321965,15497,21,00:19:53,00:00:43,00:59:35,00:00:27,00:34:49,Complete,20,01:55:27
DE321770,15461,47,00:09:56,00:00:33,00:31:27,00:00:23,00:17:44,Complete,20,01:00:03
MX321085,15346,26,00:21:23,00:00:55,01:10:54,00:00:25,00:36:59,Complete,20,02:10:36
JP321144,15315,42,00:17:27,00:01:06,00:56:18,00:00:26,00:32:01,Complete,20,01:47:18
CA321777,15312,35,00:20:14,00:01:01,01:06:19,00:00:31,00:38:50,Complete,20,02:06:55
CA321777,15328,10,00:17:30,00:00:56,00:59:13,00:00:27,00:32:29,Complete,20,01:50:35
AE320983,15370,33,00:09:27,00:00:53,00:31:01,00:00:23,00:15:06,Complete,20,00:56:50
MX321085,15330,5,00:19:23,00:00:36,01:04:01,00:00:25,00:33:36,Complete,20,01:58:01
AU321965,15452,24,00:19:06,00:00:40,00:54:47,00:00:27,00:32:06,Complete,20,01:47:06
GB321350,15413,15,00:18:00,00:01:05,00:55:26,00:00:25,00:33:44,Complete,19,01:48:40
GB321350,15496,19,00:19:10,00:01:08,01:02:10,00:00:31,00:37:29,Complete,19,02:00:28
CA321777,15538,34,00:20:10,00:00:58,01:06:23,00:00:32,00:38:33,Complete,19,02:06:36
AE320983,15358,35,00:08:59,00:00:52,00:30:53,00:00:24,00:15:45,Complete,19,00:56:53
DE321770,15507,35,00:09:56,00:00:36,00:31:30,00:00:25,00:17:34,Complete,19,01:00:01
AU321965,15327,31,00:19:51,00:00:42,00:57:23,00:00:23,00:36:52,Complete,19,01:55:11
MX321085,15517,20,00:19:40,00:00:38,01:11:41,00:00:29,00:37:38,Complete,19,02:10:06
JP321144,15328,14,00:17:33,00:01:07,00:56:10,00:00:27,00:31:48,Complete,19,01:47:05
CA321777,15370,23,00:17:32,00:00:58,00:59:11,00:00:27,00:32:10,Complete,19,01:50:18
JP321144,15313,46,00:19:10,00:01:08,01:00:31,00:00:27,00:36:14,Complete,19,01:57:30
AE320983,15513,10,00:09:25,00:00:55,00:32:41,00:00:23,00:17:31,Complete,19,01:00:55
AU321965,15500,17,00:19:11,00:00:45,00:54:35,00:00:29,00:31:56,Complete,19,01:46:56
CA321782,15419,10,00:09:44,00:00:56,00:29:01,00:00:32,00:18:48,Complete,19,00:59:01
MX321085,15334,18,00:19:10,00:00:38,01:04:10,00:00:23,00:33:28,Complete,19,01:57:49
CA321782,15403,20,00:09:29,00:00:51,00:26:04,00:00:25,00:15:58,Complete,19,00:52:47
DE321770,15452,28,00:09:09,00:00:30,00:29:26,00:00:22,00:14:44,Complete,19,00:54:11
DE321770,15447,22,00:08:57,00:00:31,00:29:39,00:00:21,00:14:41,Complete,18,00:54:09
AU321965,15382,19,00:19:52,00:00:44,00:58:56,00:00:30,00:35:04,Complete,18,01:55:06
AE320983,15496,28,00:09:31,00:00:53,00:32:38,00:00:27,00:17:18,Complete,18,01:00:47
AE320983,15333,47,00:09:08,00:00:51,00:30:46,00:00:25,00:15:40,Complete,18,00:56:50
CA321782,15506,36,00:10:05,00:00:57,00:28:39,00:00:28,00:18:39,Complete,18,00:58:48
AU321965,15404,46,00:19:04,00:00:39,00:54:49,00:00:25,00:31:47,Complete,18,01:46:44
DE321770,15310,20,00:09:56,00:00:32,00:31:30,00:00:24,00:17:33,Complete,18,00:59:55
MX321085,15348,15,00:20:34,00:00:41,01:11:57,00:00:24,00:36:28,Complete,18,02:10:04
GB321350,15348,18,00:19:05,00:01:10,01:02:14,00:00:29,00:37:20,Complete,18,02:00:18
CA321777,15523,4,00:20:10,00:01:01,01:06:20,00:00:29,00:38:02,Complete,18,02:06:02
CA321777,15367,16,00:17:27,00:00:58,00:59:16,00:00:34,00:32:02,Complete,18,01:50:17
MX321085,15365,27,00:18:58,00:00:35,01:04:23,00:00:24,00:33:13,Complete,18,01:57:33
CA321782,15306,32,00:09:17,00:00:52,00:26:15,00:00:28,00:15:45,Complete,18,00:52:37
JP321144,15364,3,00:19:01,00:01:12,01:00:33,00:00:27,00:36:11,Complete,18,01:57:24
GB321350,15477,27,00:17:45,00:01:07,00:55:50,00:00:26,00:33:22,Complete,18,01:48:30
JP321144,15441,50,00:18:00,00:01:09,00:56:41,00:00:23,00:30:46,Complete,18,01:46:59
AE320983,15383,4,00:09:15,00:00:50,00:31:21,00:00:21,00:14:32,Complete,17,00:56:19
CA321782,15400,18,00:09:46,00:00:55,00:29:00,00:00:28,00:18:24,Complete,17,00:58:33
DE321770,15366,14,00:09:06,00:00:30,00:29:28,00:00:23,00:14:41,Complete,17,00:54:08
GB321350,15382,26,00:19:07,00:01:11,01:02:10,00:00:33,00:37:04,Complete,17,02:00:05
MX321085,15496,11,00:20:03,00:00:39,01:09:47,00:00:23,00:38:31,Complete,17,02:09:23
JP321144,15481,31,00:18:59,00:01:05,00:59:29,00:00:28,00:37:20,Complete,17,01:57:21
JP321144,15532,40,00:17:42,00:01:03,00:56:03,00:00:23,00:31:47,Complete,17,01:46:58
AE320983,15401,25,00:09:13,00:00:51,00:32:23,00:00:22,00:17:49,Complete,17,01:00:38
MX321085,15384,25,00:19:03,00:00:38,01:03:09,00:00:22,00:34:18,Complete,17,01:57:30
GB321350,15384,26,00:17:32,00:01:06,00:55:56,00:00:26,00:33:18,Complete,17,01:48:18
AU321965,15370,29,00:18:50,00:00:44,00:54:57,00:00:21,00:31:48,Complete,17,01:46:40
CA321782,15370,31,00:09:02,00:00:49,00:26:32,00:00:25,00:15:48,Complete,17,00:52:36
DE321770,15471,46,00:10:00,00:00:32,00:31:25,00:00:24,00:17:21,Complete,17,00:59:42
CA321777,15500,14,00:17:38,00:00:58,00:57:58,00:00:27,00:33:11,Complete,17,01:50:12
CA321777,15419,10,00:20:05,00:01:02,01:06:24,00:00:30,00:37:04,Complete,17,02:05:05
AU321965,15419,12,00:19:32,00:00:42,00:57:39,00:00:26,00:36:25,Complete,17,01:54:44
CA321782,15347,25,00:09:25,00:00:46,00:26:14,00:00:25,00:15:40,Complete,16,00:52:30
AU321965,15423,30,00:19:10,00:00:40,00:54:40,00:00:24,00:31:47,Complete,16,01:46:41
MX321085,15352,22,00:19:35,00:00:35,01:03:48,00:00:23,00:32:46,Complete,16,01:57:07
JP321144,15348,20,00:18:57,00:01:09,01:00:40,00:00:29,00:35:57,Complete,16,01:57:12
DE321770,15481,34,00:09:58,00:00:31,00:31:26,00:00:23,00:17:22,Complete,16,00:59:40
MX321085,15455,17,00:19:42,00:00:39,01:07:49,00:00:25,00:40:09,Complete,16,02:08:44
CA321777,15369,3,00:20:09,00:01:01,01:06:21,00:00:27,00:36:44,Complete,16,02:04:42
JP321144,15367,49,00:17:36,00:01:08,00:56:03,00:00:25,00:31:45,Complete,16,01:46:57
CA321782,15507,29,00:10:11,00:00:58,00:28:29,00:00:35,00:18:09,Complete,16,00:58:22
GB321350,15514,43,00:19:01,00:02:58,00:58:49,00:00:34,00:38:27,Complete,16,01:59:49
AU321965,15433,16,00:19:38,00:00:44,00:57:31,00:00:28,00:36:21,Complete,16,01:54:42
AE320983,15336,21,00:09:25,00:00:49,00:31:13,00:00:22,00:14:55,Complete,16,00:56:44
DE321770,15415,46,00:09:14,00:00:29,00:29:21,00:00:22,00:14:41,Complete,16,00:54:07
GB321350,15337,29,00:17:23,00:01:08,00:56:01,00:00:25,00:33:08,Complete,16,01:48:05
CA321777,15330,7,00:17:47,00:00:54,00:59:02,00:00:37,00:31:47,Complete,16,01:50:07
AE320983,15390,26,00:09:21,00:00:53,00:32:47,00:00:25,00:17:13,Complete,16,01:00:39
MX321085,15386,23,00:19:24,00:00:39,01:03:55,00:00:21,00:32:47,Complete,15,01:57:06
DE321770,15383,4,00:09:17,00:00:31,00:29:19,00:00:21,00:14:38,Complete,15,00:54:06
JP321144,15443,10,00:17:33,00:01:01,00:56:10,00:00:30,00:31:39,Complete,15,01:46:53
AU321965,15443,16,00:18:43,00:00:37,00:55:10,00:00:21,00:31:33,Complete,15,01:46:24
CA321777,15332,29,00:17:36,00:00:54,00:59:09,00:00:24,00:31:56,Complete,15,01:49:59
CA321782,15470,35,00:09:19,00:00:53,00:26:12,00:00:27,00:15:40,Complete,15,00:52:31
MX321085,15493,4,00:20:32,00:00:36,01:09:20,00:00:22,00:37:39,Complete,15,02:08:29
AE320983,15409,30,00:09:10,00:00:52,00:31:05,00:00:22,00:15:15,Complete,15,00:56:44
CA321777,15346,21,00:20:52,00:00:57,01:05:42,00:00:34,00:36:32,Complete,15,02:04:37
AU321965,15346,28,00:19:50,00:00:42,00:57:23,00:00:26,00:36:17,Complete,15,01:54:38
CA321782,15346,30,00:10:06,00:00:57,00:28:38,00:00:34,00:18:03,Complete,15,00:58:18
GB321350,15364,5,00:19:06,00:01:12,01:00:29,00:00:26,00:38:31,Complete,15,01:59:44
GB321350,15387,3,00:17:21,00:01:02,00:56:13,00:00:25,00:32:57,Complete,15,01:47:58
JP321144,15359,4,00:18:57,00:01:11,01:00:36,00:00:26,00:35:50,Complete,15,01:57:00
DE321770,15359,5,00:09:55,00:00:34,00:31:28,00:00:23,00:17:11,Complete,15,00:59:31
AE320983,15302,14,00:09:45,00:01:07,00:32:47,00:00:21,00:16:36,Complete,15,01:00:36
MX321085,15474,4,00:19:20,00:00:37,01:03:59,00:00:20,00:32:41,Complete,14,01:56:57
AE320983,15366,6,00:09:06,00:00:52,00:31:29,00:00:25,00:14:48,Complete,14,00:56:40
CA321782,15443,10,00:09:21,00:00:49,00:26:12,00:00:26,00:15:40,Complete,14,00:52:28
CA321777,15333,30,00:17:24,00:01:01,00:59:11,00:00:27,00:31:47,Complete,14,01:49:50
AE320983,15301,17,00:09:26,00:00:56,00:32:40,00:00:22,00:17:03,Complete,14,01:00:27
AU321965,15410,37,00:19:53,00:00:44,00:57:19,00:00:24,00:36:09,Complete,14,01:54:29
DE321770,15501,11,00:09:25,00:00:33,00:31:57,00:00:24,00:17:11,Complete,14,00:59:30
GB321350,15433,22,00:19:11,00:01:00,01:00:33,00:00:29,00:38:28,Complete,14,01:59:41
JP321144,15539,56,00:17:35,00:01:00,00:56:20,00:00:23,00:31:28,Complete,14,01:46:46
AU321965,15415,42,00:19:11,00:00:40,00:54:40,00:00:23,00:31:29,Complete,14,01:46:23
DE321770,15330,8,00:09:15,00:00:29,00:29:24,00:00:22,00:14:37,Complete,14,00:54:07
CA321782,15359,5,00:09:48,00:00:54,00:28:58,00:00:26,00:18:01,Complete,14,00:58:07
MX321085,15445,30,00:20:04,00:00:51,01:09:33,00:00:25,00:37:11,Complete,14,02:08:04
CA321777,15302,19,00:20:54,00:00:59,01:05:37,00:00:29,00:35:34,Complete,14,02:03:33
JP321144,15419,8,00:18:48,00:01:13,00:59:32,00:00:30,00:36:37,Complete,14,01:56:40
GB321350,15334,25,00:17:10,00:01:06,00:56:23,00:00:27,00:32:47,Complete,14,01:47:53
AU321965,15496,24,00:19:38,00:00:41,00:57:35,00:00:26,00:35:47,Complete,13,01:54:07
MX321085,15405,31,00:19:17,00:00:34,01:04:08,00:00:21,00:32:30,Complete,13,01:56:50
CA321777,15351,9,00:20:50,00:00:58,01:05:41,00:00:28,00:35:20,Complete,13,02:03:17
AE320983,15351,2,00:09:41,00:00:54,00:33:05,00:00:23,00:16:17,Complete,13,01:00:20
GB321350,15310,23,00:19:11,00:01:00,01:00:35,00:00:27,00:38:23,Complete,13,01:59:36
CA321782,15523,4,00:09:49,00:00:53,00:28:59,00:00:28,00:17:54,Complete,13,00:58:03
JP321144,15385,8,00:17:32,00:01:02,00:56:11,00:00:26,00:31:33,Complete,13,01:46:44
AE320983,15385,8,00:09:11,00:00:51,00:31:05,00:00:21,00:15:04,Complete,13,00:56:32
MX321085,15497,14,00:20:07,00:00:36,01:09:47,00:00:25,00:36:47,Complete,13,02:07:42
DE321770,15433,22,00:09:41,00:00:32,00:31:40,00:00:29,00:17:08,Complete,13,00:59:30
JP321144,15411,18,00:19:06,00:01:06,01:00:33,00:00:26,00:35:25,Complete,13,01:56:36
GB321350,15328,16,00:17:23,00:01:06,00:56:05,00:00:26,00:32:44,Complete,13,01:47:44
DE321770,15344,50,00:09:12,00:00:38,00:29:16,00:00:21,00:14:39,Complete,13,00:54:06
CA321782,15500,19,00:09:23,00:00:54,00:26:08,00:00:27,00:15:27,Complete,13,00:52:19
CA321777,15426,11,00:17:28,00:00:57,00:59:12,00:00:26,00:31:44,Complete,13,01:49:47
AU321965,15426,15,00:18:59,00:00:42,00:54:51,00:00:23,00:31:25,Complete,13,01:46:20
CA321777,15400,12,00:20:00,00:01:00,01:03:14,00:00:29,00:38:25,Complete,12,02:03:08
GB321350,15448,34,00:18:57,00:01:09,01:00:35,00:00:23,00:37:25,Complete,12,01:58:29
DE321770,15405,23,00:09:22,00:00:28,00:29:15,00:00:20,00:14:39,Complete,12,00:54:04
GB321350,15405,30,00:17:35,00:01:03,00:55:55,00:00:23,00:32:37,Complete,12,01:47:33
AU321965,15311,32,00:19:20,00:00:38,00:54:34,00:00:23,00:31:09,Complete,12,01:46:04
MX321085,15369,1,00:20:00,00:00:39,01:09:50,00:00:22,00:36:47,Complete,12,02:07:38
DE321770,15369,3,00:09:38,00:00:31,00:31:50,00:00:23,00:17:09,Complete,12,00:59:31
CA321782,15367,23,00:09:04,00:00:51,00:26:28,00:00:27,00:15:26,Complete,12,00:52:16
MX321085,15385,10,00:18:51,00:00:40,01:04:32,00:00:20,00:32:20,Complete,12,01:56:43
CA321777,15492,34,00:17:42,00:00:57,00:59:00,00:00:25,00:31:32,Complete,12,01:49:36
AE320983,15328,14,00:09:08,00:00:51,00:30:47,00:00:22,00:15:23,Complete,12,00:56:31
CA321782,15364,7,00:09:47,00:00:56,00:28:56,00:00:27,00:17:51,Complete,12,00:57:57
AU321965,15390,18,00:19:36,00:00:44,00:57:33,00:00:27,00:35:37,Complete,12,01:53:57
JP321144,15340,15,00:18:58,00:01:05,00:59:29,00:00:25,00:36:29,Complete,12,01:56:26
AE320983,15359,12,00:09:20,00:00:56,00:32:13,00:00:24,00:17:19,Complete,12,01:00:12
JP321144,15403,36,00:17:39,00:01:00,00:56:10,00:00:25,00:31:25,Complete,12,01:46:39
AU321965,15383,6,00:19:01,00:00:39,00:54:53,00:00:22,00:31:04,Complete,11,01:45:59
JP321144,15399,28,00:18:55,00:01:09,00:59:29,00:00:25,00:36:11,Complete,11,01:56:09
GB321350,15400,20,00:19:05,00:01:00,01:00:41,00:00:27,00:37:13,Complete,11,01:58:26
CA321777,15496,16,00:20:09,00:00:59,01:03:05,00:00:32,00:38:23,Complete,11,02:03:08
MX321085,15301,9,00:20:33,00:00:39,01:09:18,00:00:25,00:36:42,Complete,11,02:07:37
MX321085,15423,38,00:19:08,00:00:36,01:04:16,00:00:21,00:32:10,Complete,11,01:56:31
AE320983,15320,30,00:09:21,00:00:56,00:32:11,00:00:26,00:17:15,Complete,11,01:00:09
CA321782,15369,2,00:09:57,00:00:58,00:28:46,00:00:26,00:17:46,Complete,11,00:57:53
GB321350,15367,32,00:17:28,00:01:09,00:55:59,00:00:27,00:32:29,Complete,11,01:47:32
AU321965,15501,4,00:19:27,00:00:44,00:57:43,00:00:26,00:35:38,Complete,11,01:53:58
DE321770,15532,38,00:09:14,00:00:30,00:29:24,00:00:21,00:14:31,Complete,11,00:54:00
AE320983,15444,48,00:09:11,00:00:50,00:30:33,00:00:22,00:15:37,Complete,11,00:56:33
CA321782,15328,16,00:09:11,00:00:51,00:26:22,00:00:29,00:15:20,Complete,11,00:52:13
JP321144,15477,43,00:17:40,00:01:09,00:56:02,00:00:25,00:31:10,Complete,11,01:46:26
DE321770,15445,15,00:09:37,00:00:30,00:31:47,00:00:23,00:17:05,Complete,11,00:59:22
CA321777,15403,17,00:17:49,00:00:56,00:58:57,00:00:30,00:31:24,Complete,11,01:49:36
GB321350,15380,8,00:17:57,00:01:06,00:55:30,00:00:29,00:32:23,Complete,10,01:47:25
DE321770,15474,11,00:09:08,00:00:32,00:29:24,00:00:21,00:14:34,Complete,10,00:53:59
MX321085,15382,21,00:20:33,00:00:37,01:09:17,00:00:25,00:36:43,Complete,10,02:07:35
DE321770,15318,4,00:09:35,00:00:29,00:31:52,00:00:23,00:16:53,Complete,10,00:59:12
MX321085,15311,26,00:19:24,00:00:37,01:03:59,00:00:21,00:32:07,Complete,10,01:56:28
JP321144,15493,5,00:18:55,00:01:10,00:59:27,00:00:26,00:36:10,Complete,10,01:56:08
JP321144,15335,7,00:17:29,00:01:03,00:56:12,00:00:26,00:31:15,Complete,10,01:46:25
AE320983,15433,39,00:09:17,00:00:55,00:31:32,00:00:26,00:17:55,Complete,10,01:00:05
CA321777,15433,14,00:20:08,00:01:03,01:03:02,00:00:33,00:38:16,Complete,10,02:03:02
AU321965,15444,8,00:18:54,00:00:39,00:54:57,00:00:24,00:31:05,Complete,10,01:45:59
AE320983,15355,3,00:09:31,00:00:47,00:31:07,00:00:21,00:14:36,Complete,10,00:56:22
CA321777,15477,22,00:17:31,00:00:59,00:59:13,00:00:30,00:31:20,Complete,10,01:49:33
CA321782,15513,6,00:09:44,00:00:55,00:29:02,00:00:30,00:17:37,Complete,10,00:57:48
AU321965,15340,6,00:19:39,00:00:40,00:57:34,00:00:23,00:35:26,Complete,10,01:53:42
GB321350,15359,4,00:19:06,00:01:15,01:00:25,00:00:29,00:37:08,Complete,10,01:58:23
CA321782,15426,18,00:09:11,00:00:51,00:26:20,00:00:31,00:15:17,Complete,10,00:52:10
MX321085,15380,34,00:19:07,00:00:37,01:04:14,00:00:22,00:32:06,Complete,9,01:56:26
CA321777,15447,18,00:17:40,00:01:00,00:59:04,00:00:29,00:31:18,Complete,9,01:49:31
AE320983,15432,38,00:09:28,00:00:50,00:30:29,00:00:22,00:15:12,Complete,9,00:56:21
CA321777,15507,20,00:20:14,00:01:00,01:02:58,00:00:33,00:37:33,Complete,9,02:02:18
JP321144,15327,30,00:19:17,00:01:06,01:00:24,00:00:28,00:34:49,Complete,9,01:56:04
AE320983,15411,27,00:09:30,00:00:52,00:32:06,00:00:22,00:17:01,Complete,9,00:59:51
AU321965,15411,23,00:19:54,00:00:41,00:57:19,00:00:25,00:35:16,Complete,9,01:53:35
CA321782,15384,14,00:09:24,00:00:50,00:26:11,00:00:29,00:15:14,Complete,9,00:52:08
DE321770,15384,24,00:09:11,00:00:29,00:29:26,00:00:23,00:14:28,Complete,9,00:53:57
DE321770,15513,9,00:09:31,00:00:31,00:31:53,00:00:23,00:16:48,Complete,9,00:59:06
MX321085,15513,12,00:20:00,00:00:40,01:07:30,00:00:26,00:38:23,Complete,9,02:06:59
CA321782,15471,31,00:10:09,00:00:57,00:28:34,00:00:30,00:17:33,Complete,9,00:57:43
GB321350,15480,40,00:19:15,00:01:07,01:00:26,00:00:28,00:36:52,Complete,9,01:58:08
AU321965,15407,10,00:18:43,00:00:38,00:54:58,00:00:22,00:31:17,Complete,9,01:45:58
GB321350,15403,24,00:18:01,00:01:04,00:55:35,00:00:25,00:32:11,Complete,9,01:47:16
JP321144,15452,46,00:17:39,00:01:02,00:56:09,00:00:23,00:31:10,Complete,9,01:46:23
JP321144,15475,29,00:18:38,00:01:12,01:00:58,00:00:25,00:34:41,Complete,8,01:55:54
AE320983,15464,22,00:09:31,00:00:48,00:30:15,00:00:19,00:15:31,Complete,8,00:56:24
AU321965,15339,14,00:18:39,00:00:40,00:55:09,00:00:21,00:31:03,Complete,8,01:45:52
CA321777,15501,5,00:19:03,00:01:02,01:04:06,00:00:28,00:37:17,Complete,8,02:01:56
GB321350,15501,16,00:18:02,00:01:12,01:01:33,00:00:29,00:36:41,Complete,8,01:57:57
CA321777,15444,6,00:17:32,00:00:55,00:59:08,00:00:27,00:31:26,Complete,8,01:49:28
DE321770,15444,9,00:08:56,00:00:30,00:29:38,00:00:21,00:14:30,Complete,8,00:53:55
CA321782,15355,3,00:09:24,00:00:47,00:26:11,00:00:26,00:15:15,Complete,8,00:52:03
CA321782,15517,19,00:09:32,00:00:58,00:29:13,00:00:28,00:17:26,Complete,8,00:57:37
AE320983,15364,16,00:09:23,00:00:53,00:32:13,00:00:25,00:16:57,Complete,8,00:59:51
MX321085,15387,1,00:18:48,00:00:33,01:04:36,00:00:18,00:32:07,Complete,8,01:56:22
MX321085,15340,25,00:20:02,00:00:39,01:07:31,00:00:25,00:37:59,Complete,8,02:06:36
AU321965,15445,3,00:19:43,00:00:42,00:57:28,00:00:25,00:35:16,Complete,8,01:53:34
DE321770,15419,16,00:09:58,00:00:32,00:31:25,00:00:24,00:16:41,Complete,8,00:59:00
GB321350,15426,19,00:00:00,00:00:00,00:00:00,00:00:00,00:00:00,Complete,8,00:00:00
MX321085,15426,38,00:17:37,00:01:06,00:56:08,00:00:24,00:31:06,Complete,8,01:46:21
JP321144,15380,15,00:17:41,00:01:02,00:56:01,00:00:24,00:31:09,Complete,7,01:46:17
AU321965,15421,2,00:19:04,00:00:35,00:54:48,00:00:21,00:31:00,Complete,7,01:45:48
AE320983,15339,5,00:09:01,00:00:50,00:30:56,00:00:21,00:15:11,Complete,7,00:56:19
MX321085,15443,29,00:18:54,00:00:36,01:04:29,00:00:22,00:31:46,Complete,7,01:56:07
JP321144,15301,9,00:19:05,00:01:10,01:00:31,00:00:23,00:34:39,Complete,7,01:55:48
AE320983,15310,5,00:09:25,00:00:56,00:32:07,00:00:22,00:17:00,Complete,7,00:59:50
CA321782,15310,16,00:10:03,00:00:58,00:28:40,00:00:30,00:17:25,Complete,7,00:57:36
CA321777,15329,32,00:17:45,00:00:58,00:58:58,00:00:29,00:31:18,Complete,7,01:49:28
MX321085,15364,5,00:19:59,00:00:38,01:07:35,00:00:23,00:37:47,Complete,7,02:06:22
GB321350,15330,14,00:17:31,00:01:05,00:55:59,00:00:30,00:32:06,Complete,7,01:47:11
CA321777,15513,7,00:20:04,00:01:01,01:03:10,00:00:30,00:36:57,Complete,7,02:01:42
AU321965,15513,8,00:19:35,00:00:41,00:57:38,00:00:26,00:35:10,Complete,7,01:53:30
GB321350,15513,14,00:18:08,00:01:10,01:01:26,00:00:28,00:36:40,Complete,7,01:57:52
DE321770,15340,21,00:09:57,00:00:33,00:31:24,00:00:22,00:16:34,Complete,7,00:58:50
CA321782,15407,8,00:09:01,00:00:49,00:26:32,00:00:23,00:15:12,Complete,7,00:51:57
DE321770,15407,17,00:08:54,00:00:28,00:29:41,00:00:20,00:14:29,Complete,7,00:53:52
MX321085,15383,12,00:19:22,00:00:37,01:04:03,00:00:25,00:31:39,Complete,6,01:56:06
MX321085,15400,24,00:19:55,00:00:38,01:07:37,00:00:23,00:37:30,Complete,6,02:06:03
GB321350,15366,22,00:17:26,00:01:09,00:55:59,00:00:27,00:32:06,Complete,6,01:47:07
DE321770,15443,20,00:09:06,00:00:32,00:29:28,00:00:22,00:14:20,Complete,6,00:53:48
AE320983,15493,21,00:09:25,00:00:58,00:32:07,00:00:24,00:16:55,Complete,6,00:59:49
CA321782,15335,2,00:08:50,00:00:52,00:26:40,00:00:25,00:14:41,Complete,6,00:51:28
JP321144,15336,25,00:17:47,00:01:07,00:55:58,00:00:27,00:30:57,Complete,6,01:46:16
JP321144,15517,23,00:18:36,00:01:10,01:01:04,00:00:30,00:34:20,Complete,6,01:55:40
AU321965,15437,27,00:19:55,00:00:42,00:57:19,00:00:26,00:35:06,Complete,6,01:53:28
AU321965,15387,7,00:18:33,00:00:40,00:55:16,00:00:21,00:30:18,Complete,6,01:45:08
CA321777,15387,8,00:17:08,00:01:01,00:59:33,00:00:27,00:31:03,Complete,6,01:49:12
AE320983,15330,20,00:09:28,00:00:51,00:30:27,00:00:24,00:15:00,Complete,6,00:56:10
GB321350,15313,30,00:19:14,00:01:09,00:00:00,00:00:00,00:00:00,DNF,0,00:00:00
DE321770,15390,18,00:09:55,00:00:30,00:31:32,00:00:25,00:16:25,Complete,6,00:58:47
CA321777,15340,8,00:20:09,00:00:58,01:03:03,00:00:27,00:36:32,Complete,6,02:01:09
CA321782,15484,1,00:09:45,00:00:53,00:29:02,00:00:29,00:17:19,Complete,6,00:57:28
JP321144,15447,35,00:17:45,00:01:03,00:56:01,00:00:25,00:31:00,Complete,5,01:46:14
AE320983,15421,10,00:09:22,00:00:51,00:30:32,00:00:22,00:14:55,Complete,5,00:56:02
DE321770,15421,6,00:09:07,00:00:30,00:29:27,00:00:20,00:14:21,Complete,5,00:53:45
AU321965,15413,5,00:19:09,00:00:41,00:54:03,00:00:23,00:30:51,Complete,5,01:45:07
CA321782,15339,12,00:08:52,00:00:50,00:26:40,00:00:23,00:14:37,Complete,5,00:51:22
MX321085,15347,28,00:19:35,00:00:35,01:03:53,00:00:21,00:31:33,Complete,5,01:55:57
AU321965,15523,7,00:19:28,00:00:42,00:57:43,00:00:24,00:35:00,Complete,5,01:53:17
DE321770,15523,7,00:09:54,00:00:30,00:31:32,00:00:23,00:16:26,Complete,5,00:58:45
JP321144,15497,14,00:19:17,00:01:07,01:00:23,00:00:27,00:34:01,Complete,5,01:55:15
GB321350,15411,15,00:19:02,00:01:08,01:00:38,00:00:27,00:36:12,Complete,5,01:57:27
AE320983,15437,35,00:09:14,00:00:55,00:31:37,00:00:24,00:17:31,Complete,5,00:59:41
CA321777,15384,9,00:17:38,00:00:56,00:58:00,00:00:29,00:31:57,Complete,5,01:49:00
CA321777,15300,18,00:20:12,00:00:58,01:03:02,00:00:31,00:35:57,Complete,4,02:00:40
CA321782,15340,12,00:10:02,00:00:53,00:28:44,00:00:28,00:17:05,Complete,5,00:57:12
MX321085,15359,8,00:19:56,00:00:36,01:07:37,00:00:21,00:37:19,Complete,5,02:05:49
GB321350,15407,33,00:17:19,00:01:08,00:56:06,00:00:27,00:32:04,Complete,5,01:47:04
CA321782,15383,5,00:09:24,00:00:49,00:26:11,00:00:24,00:14:35,Complete,4,00:51:23
AE320983,15474,19,00:09:07,00:00:51,00:30:45,00:00:21,00:14:51,Complete,4,00:55:55
CA321777,15382,15,00:20:11,00:00:59,01:03:01,00:00:26,00:36:17,Complete,5,02:00:54
DE321770,15339,33,00:09:03,00:00:30,00:29:13,00:00:20,00:14:31,Complete,4,00:53:37
JP321144,15351,21,00:19:15,00:01:05,01:00:24,00:00:27,00:33:55,Complete,4,01:55:06
MX321085,15523,2,00:19:41,00:00:36,01:07:54,00:00:22,00:37:06,Complete,4,02:05:39
AE320983,15523,4,00:09:22,00:00:55,00:32:24,00:00:22,00:17:57,Complete,4,01:01:00
GB321350,15369,6,00:18:59,00:01:12,01:00:36,00:00:27,00:36:12,Complete,4,01:57:26
GB321350,15385,7,00:17:13,00:01:02,00:56:18,00:00:23,00:31:30,Complete,4,01:46:26
AU321965,15385,11,00:18:41,00:00:44,00:55:04,00:00:21,00:30:14,Complete,4,01:45:04
CA321782,15501,8,00:09:33,00:00:56,00:29:11,00:00:29,00:17:02,Complete,4,00:57:11
AU321965,15493,10,00:19:50,00:00:42,00:57:23,00:00:27,00:34:33,Complete,4,01:52:55
JP321144,15444,11,00:17:30,00:01:03,00:56:12,00:00:24,00:31:03,Complete,4,01:46:12
MX321085,15341,2,00:19:17,00:00:37,01:04:05,00:00:25,00:31:19,Complete,4,01:55:43
CA321777,15355,3,00:17:50,00:00:52,00:58:57,00:00:23,00:30:36,Complete,4,01:48:38
DE321770,15534,56,00:09:59,00:00:33,00:31:21,00:00:22,00:16:30,Complete,4,00:58:45
JP321144,15383,4,00:17:35,00:01:03,00:56:10,00:00:27,00:30:39,Complete,3,01:45:54
CA321777,15421,2,00:17:43,00:00:54,00:58:59,00:00:23,00:30:31,Complete,3,01:48:30
CA321782,15421,4,00:09:23,00:00:49,00:26:10,00:00:25,00:14:33,Complete,3,00:51:20
MX321085,15432,6,00:19:20,00:00:36,01:02:53,00:00:26,00:31:52,Complete,3,01:55:07
AE320983,15335,7,00:09:02,00:00:49,00:30:54,00:00:21,00:14:42,Complete,3,00:55:48
GB321350,15335,6,00:17:15,00:01:02,00:56:15,00:00:25,00:31:16,Complete,3,01:46:13
AU321965,15355,4,00:19:28,00:00:36,00:54:23,00:00:23,00:30:08,Complete,3,01:44:58
DE321770,15355,7,00:09:21,00:00:28,00:29:16,00:00:19,00:14:10,Complete,3,00:53:34
JP321144,15390,22,00:18:52,00:01:08,00:59:32,00:00:26,00:34:46,Complete,3,01:54:44
CA321777,15445,6,00:20:12,00:00:59,01:03:01,00:00:27,00:35:48,Complete,3,02:00:27
CA321782,15445,11,00:09:47,00:00:53,00:29:00,00:00:26,00:17:00,Complete,3,00:57:06
AE320983,15419,18,00:09:13,00:00:54,00:31:37,00:00:25,00:17:07,Complete,3,00:59:16
AU321965,15484,1,00:19:28,00:00:41,00:57:42,00:00:27,00:34:16,Complete,3,01:52:34
DE321770,15484,1,00:09:54,00:00:32,00:31:30,00:00:26,00:16:17,Complete,3,00:58:39
GB321350,15484,1,00:18:06,00:01:07,01:01:32,00:00:29,00:35:50,Complete,3,01:57:04
MX321085,15484,19,00:19:59,00:00:38,01:07:32,00:00:22,00:34:52,Complete,3,02:03:23
JP321144,15421,9,00:17:40,00:01:04,00:56:02,00:00:24,00:30:31,Complete,2,01:45:41
CA321777,15413,5,00:17:30,00:00:55,00:58:09,00:00:26,00:31:05,Complete,2,01:48:05
CA321782,15413,17,00:09:09,00:00:50,00:26:23,00:00:26,00:14:29,Complete,2,00:51:17
MX321085,15413,24,00:19:05,00:00:35,01:03:08,00:00:21,00:31:55,Complete,2,01:55:04
CA321782,15351,17,00:10:13,00:00:55,00:28:32,00:00:28,00:16:53,Complete,2,00:57:01
AU321965,15320,2,00:19:27,00:00:44,00:57:41,00:00:21,00:33:51,Complete,2,01:52:04
MX321085,15320,7,00:19:57,00:00:37,01:07:37,00:00:26,00:34:46,Complete,2,02:03:23
AE320983,15501,6,00:09:06,00:00:54,00:31:44,00:00:24,00:17:05,Complete,2,00:59:13
DE321770,15493,10,00:09:59,00:00:37,00:31:23,00:00:29,00:16:09,Complete,2,00:58:37
DE321770,15335,2,00:08:54,00:00:28,00:29:24,00:00:20,00:14:25,Complete,2,00:53:31
AU321965,15341,1,00:19:12,00:00:39,00:54:39,00:00:24,00:29:55,Complete,2,01:44:49
GB321350,15341,1,00:17:25,00:01:01,00:56:06,00:00:24,00:31:04,Complete,2,01:46:00
AE320983,15341,1,00:09:26,00:00:49,00:30:30,00:00:22,00:14:27,Complete,2,00:55:34
GB321350,15445,28,00:19:06,00:01:13,01:00:23,00:00:25,00:35:43,Complete,2,01:56:50
CA321777,15484,1,00:19:09,00:00:57,01:04:09,00:00:27,00:35:12,Complete,2,01:59:54
JP321144,15484,7,00:18:38,00:01:04,00:59:49,00:00:27,00:34:03,Complete,2,01:54:01
DE321770,15475,26,00:09:29,00:00:30,00:31:59,00:00:22,00:15:48,Complete,1,00:58:08
JP321144,15318,6,00:18:34,00:01:07,00:59:50,00:00:29,00:33:27,Complete,1,01:53:27
MX321085,15318,18,03:30:33,15:18:48,01:06:32,00:00:23,00:34:29,Complete,3,02:01:38
AU321965,15351,9,00:19:56,00:00:41,00:57:16,00:00:26,00:33:44,Complete,1,01:52:03
CA321777,15320,2,00:19:53,00:01:01,01:03:18,00:00:25,00:34:54,Complete,1,01:59:31
CA321782,15320,3,00:09:45,00:00:55,00:29:00,00:00:28,00:16:41,Complete,1,00:56:49
GB321350,15320,7,00:18:20,00:01:13,01:01:13,00:00:27,00:35:21,Complete,1,01:56:34
AE320983,15369,8,00:09:18,00:00:54,00:31:33,00:00:21,00:16:54,Complete,1,00:59:00
AU321965,15335,3,00:18:32,00:00:42,00:55:13,00:00:25,00:29:44,Complete,1,01:44:36
CA321782,15341,1,00:09:07,00:00:51,00:26:24,00:00:26,00:14:25,Complete,1,00:51:13
DE321770,15341,1,00:09:10,00:00:29,00:29:26,00:00:22,00:13:59,Complete,1,00:53:26
CA321777,15341,1,00:17:35,00:00:54,00:59:06,00:00:24,00:29:48,Complete,1,01:47:47
JP321144,15341,1,00:17:35,00:01:00,00:56:10,00:00:25,00:29:52,Complete,1,01:45:02
GB321350,15355,17,00:18:03,00:01:01,00:55:27,00:00:24,00:30:57,Complete,1,01:45:52
AE320983,15387,12,00:08:56,00:00:51,00:30:39,00:00:21,00:14:41,Complete,1,00:55:28
MX321085,15500,43,00:19:11,00:00:37,01:01:42,00:00:24,00:32:51,Complete,1,01:54:45
